Date,S_h,E_h,I_h,Q_h,R_h,S_r,E_r,I_r,Total_Infected_h,Observed,MA7,MA21
05-10-2022,999997,1.04545,0.6,0.4,0.8,100000,0,0,1,1,1.5,2.09091
05-11-2022,999989,1,3,2,4.8,100000,0,0,5,5,1.2,2
05-12-2022,999994,0.961538,0,0,4.8,100000,0,0,0,0,1.33333,1.92308
05-13-2022,999994,1,0,0,4.8,100000,0,0,0,0,2.14286,2
05-14-2022,999994,1.03333,0,0,4.8,100000,0,0,0,0,2.42857,2.06667
05-15-2022,999991,1.03125,1.2,0.8,6.4,100000,0,0,2,2,2,2.0625
05-16-2022,999980,1.02941,4.2,2.8,12,100000,0,0,7,7,2.42857,2.05882
05-17-2022,999982,1.08333,1.8,1.2,14.4,100000,0,0,3,3,2.42857,2.16667
05-18-2022,999981,1.02632,1.2,0.8,16,100000,0,0,2,2,2.57143,2.05263
05-19-2022,999977,1.125,1.8,1.2,18.4,100000,0,0,3,3,2.42857,2.25
05-20-2022,999980,1.2619,0,0,18.4,100000,0,0,0,0,1.85714,2.52381
05-21-2022,999978,1.35714,0.6,0.4,19.2,100000,0,0,1,1,1.85714,2.71429
05-22-2022,999978,1.45238,0.6,0.4,20,100000,0,0,1,1,1.85714,2.90476
05-23-2022,999973,1.7381,1.8,1.2,22.4,100000,0,0,3,3,1.71429,3.47619
05-24-2022,999970,1.90476,1.8,1.2,24.8,100000,0,0,3,3,2.28571,3.80952
05-25-2022,999970,2.02381,1.2,0.8,26.4,100000,0,0,2,2,2.14286,4.04762
05-26-2022,999968,2.11905,1.2,0.8,28,100000,0,0,2,2,2.85714,4.2381
05-27-2022,999962,2.40476,2.4,1.6,31.2,100000,0,0,4,4,3.57143,4.80952
05-28-2022,999966,2.83333,0,0,31.2,100000,0,0,0,0,3.85714,5.66667
05-29-2022,999955,3.07143,3.6,2.4,36,100000,0,0,6,6,4.85714,6.14286
05-30-2022,999946,3.14286,4.8,3.2,42.4,100000,0,0,8,8,6.28571,6.28571
05-31-2022,999945,3.69048,3,2,46.4,100000,0,0,5,5,6.71429,7.38095
06-01-2022,999933,3.92857,5.4,3.6,53.6,100000,0,0,9,9,7.42857,7.85714
06-02-2022,999920,4.5,7.2,4.8,63.2,100000,0,0,12,12,7.42857,9
06-03-2022,999919,5.04762,4.2,2.8,68.8,100000,0,0,7,7,9,10.0952
06-04-2022,999917,5.57143,3,2,72.8,100000,0,0,5,5,11.2857,11.1429
06-05-2022,999910,6.30952,3.6,2.4,77.6,100000,0,0,6,6,11.7143,12.619
06-06-2022,999881,6.88095,11.4,7.6,92.8,100000,0,0,19,19,10.8571,13.7619
06-07-2022,999862,7.59524,12.6,8.4,109.6,100000,0,0,21,21,13.1429,15.1905
06-08-2022,999861,8.21429,7.2,4.8,119.2,100000,0,0,12,12,14,16.4286
06-09-2022,999861,8.88095,3.6,2.4,124,100000,0,0,6,6,16.7143,17.7619
06-10-2022,999825,9.66667,13.8,9.2,142.4,100000,0,0,23,23,17.7143,19.3333
06-11-2022,999827,10.5714,6.6,4.4,151.2,100000,0,0,11,11,18.2857,21.1429
06-12-2022,999792,11.8571,15,10,171.2,100000,0,0,25,25,21.2857,23.7143
06-13-2022,999769,12.9048,15.6,10.4,192,100000,0,0,26,26,24.1429,25.8095
06-14-2022,999749,13.9286,15,10,212,100000,0,0,25,25,25.7143,27.8571
06-15-2022,999714,15.0952,19.8,13.2,238.4,100000,0,0,33,33,27.8571,30.1905
06-16-2022,999698,16.5476,15.6,10.4,259.2,100000,0,0,26,26,29.1429,33.0952
06-17-2022,999661,18.4286,20.4,13.6,286.4,100000,0,0,34,34,31.2857,36.8571
06-18-2022,999647,20.0714,15.6,10.4,307.2,100000,0,0,26,26,33.8571,40.1429
06-19-2022,999610,21.6667,20.4,13.6,334.4,100000,0,0,34,34,38.1429,43.3333
06-20-2022,999567,24.3095,24.6,16.4,367.2,100000,0,0,41,41,42.4286,48.619
06-21-2022,999528,27,25.8,17.2,401.6,100000,0,0,43,43,44.7143,54
06-22-2022,999455,29.7857,37.8,25.2,452,100000,0,0,63,63,48.7143,59.5714
06-23-2022,999415,32.2857,33.6,22.4,496.8,100000,0,0,56,56,53.4286,64.5714
06-24-2022,999378,35.5238,30,20,536.8,100000,0,0,50,50,61.5714,71.0476
06-25-2022,999327,39.3571,32.4,21.6,580,100000,0,0,54,54,68.2857,78.7143
06-26-2022,999257,42.8333,40.2,26.8,633.6,100000,0,0,67,67,70.5714,85.6667
06-27-2022,999143,46.5476,58.8,39.2,712,100000,0,0,98,98,79.2857,93.0952
06-28-2022,999074,51.619,54,36,784,100000,0,0,90,90,91.5714,103.238
06-29-2022,999018,55.5476,47.4,31.6,847.2,100000,0,0,79,79,102.143,111.095
06-30-2022,998882,60.0238,70.2,46.8,940.8,100000,0,0,117,117,111.143,120.048
07-01-2022,998747,67.3333,81.6,54.4,1049.6,100000,0,0,136,136,120.286,134.667
07-02-2022,998648,71.9524,76.8,51.2,1152,100000,0,0,128,128,134,143.905
07-03-2022,998537,77.0476,78,52,1256,100000,0,0,130,130,148.286,154.095
07-04-2022,998369,82.9524,97.2,64.8,1385.6,100000,0,0,162,162,157.571,165.905
07-05-2022,998189,90.2381,111.6,74.4,1534.4,100000,0,0,186,186,173.429,180.476
07-06-2022,998048,95.0714,107.4,71.6,1677.6,100000,0,0,179,179,182.429,190.143
07-07-2022,997895,99.381,109.2,72.8,1823.2,100000,0,0,182,182,195.571,198.762
07-08-2022,997625,106.976,148.2,98.8,2020.8,100000,0,0,247,247,222.143,213.952
07-09-2022,997523,112.69,114.6,76.4,2173.6,100000,0,0,191,191,229.429,225.381
07-10-2022,997307,119.762,133.2,88.8,2351.2,100000,0,0,222,222,243.429,239.524
07-11-2022,996897,124.976,208.8,139.2,2629.6,100000,0,0,348,348,260.857,249.952
07-12-2022,996814,130.262,142.2,94.8,2819.2,100000,0,0,237,237,276.429,260.524
07-13-2022,996548,134.595,166.2,110.8,3040.8,100000,0,0,277,277,285.857,269.19
07-14-2022,996273,139.333,182.4,121.6,3284,100000,0,0,304,304,289.571,278.667
07-15-2022,995928,147.595,213.6,142.4,3568.8,100000,0,0,356,356,299.429,295.19
07-16-2022,995816,152.714,154.2,102.8,3774.4,100000,0,0,257,257,312.714,305.429
07-17-2022,995620,159.429,148.8,99.2,3972.8,100000,0,0,248,248,326.857,318.857
07-18-2022,995111,165.214,250.2,166.8,4306.4,100000,0,0,417,417,331.429,330.429
07-19-2022,994929,170.19,198,132,4570.4,100000,0,0,330,330,331.714,340.381
07-20-2022,994578,174.571,225.6,150.4,4871.2,100000,0,0,376,376,339.286,349.143
07-21-2022,994346,177.929,201.6,134.4,5140,100000,0,0,336,336,350.857,355.857
07-22-2022,994031,185,214.8,143.2,5426.4,100000,0,0,358,358,364,370
07-23-2022,993825,190.786,186,124,5674.4,100000,0,0,310,310,374.143,381.571
07-24-2022,993538,195,197.4,131.6,5937.6,100000,0,0,329,329,386.286,390
07-25-2022,992948,198.452,305.4,203.6,6344.8,100000,0,0,509,509,399,396.905
07-26-2022,992732,201.643,240.6,160.4,6665.6,100000,0,0,401,401,413,403.286
07-27-2022,992300,204.786,276.6,184.4,7034.4,100000,0,0,461,461,422.286,409.571
07-28-2022,991993,207.333,255,170,7374.4,100000,0,0,425,425,427.143,414.667
07-29-2022,991595,209.69,273.6,182.4,7739.2,100000,0,0,456,456,446.571,419.381
07-30-2022,991374,211.929,225,150,8039.2,100000,0,0,375,375,457.857,423.857
07-31-2022,991093,214,217.8,145.2,8329.6,100000,0,0,363,363,456.857,428
08-01-2022,990294,215.786,387,258,8845.6,100000,0,0,645,645,460.286,431.571
08-02-2022,990073,217.024,288,192,9229.6,100000,0,0,480,480,465.143,434.048
08-03-2022,989735,218.286,272.4,181.6,9592.8,100000,0,0,454,454,467.143,436.571
08-04-2022,989381,218,269.4,179.6,9952,100000,0,0,449,449,466,436
08-05-2022,988949,217.405,294,196,10344,100000,0,0,490,490,447.571,434.81
08-06-2022,988740,215.905,233.4,155.6,10655.2,100000,0,0,389,389,439.571,431.81
08-07-2022,988493,213.167,213,142,10939.2,100000,0,0,355,355,440.857,426.333
08-08-2022,987919,213,309.6,206.4,11352,100000,0,0,516,516,435.429,426
08-09-2022,987673,211.81,254.4,169.6,11691.2,100000,0,0,424,424,424,423.619
08-10-2022,987264,211.333,277.8,185.2,12061.6,100000,0,0,463,463,420.286,422.667
08-11-2022,986989,209.476,246.6,164.4,12390.4,100000,0,0,411,411,414.857,418.952
08-12-2022,986669,202.714,246,164,12718.4,100000,0,0,410,410,410.286,405.429
08-13-2022,986430,198.69,217.8,145.2,13008.8,100000,0,0,363,363,398,397.381
08-14-2022,986225,195.548,190.2,126.8,13262.4,100000,0,0,317,317,381.286,391.095
08-15-2022,985674,192.214,290.4,193.6,13649.6,100000,0,0,484,484,382.286,384.429
08-16-2022,985554,188.214,202.8,135.2,13920,100000,0,0,338,338,381.714,376.429
08-17-2022,985272,184.881,207.6,138.4,14196.8,100000,0,0,346,346,380.571,369.762
08-18-2022,984868,182.333,250.8,167.2,14531.2,100000,0,0,418,418,376,364.667
08-19-2022,984561,177.476,243.6,162.4,14856,100000,0,0,406,406,358.429,354.952
08-20-2022,984332,173.095,213,142,15140,100000,0,0,355,355,354.571,346.19
08-21-2022,984179,167.619,171,114,15368,100000,0,0,285,285,351.143,335.238
08-22-2022,983817,165.69,216.6,144.4,15656.8,100000,0,0,361,361,335.571,331.381
08-23-2022,983621,162.429,186.6,124.4,15905.6,100000,0,0,311,311,323.571,324.857
08-24-2022,983356,158.595,193.2,128.8,16163.2,100000,0,0,322,322,308.429,317.19
08-25-2022,983125,155.119,185.4,123.6,16410.4,100000,0,0,309,309,303.143,310.238
08-26-2022,982861,149.405,193.2,128.8,16668,100000,0,0,322,322,296.143,298.81
08-27-2022,982737,147.024,149.4,99.6,16867.2,100000,0,0,249,249,286,294.048
08-28-2022,982542,144.31,148.8,99.2,17065.6,100000,0,0,248,248,273.286,288.619
08-29-2022,982233,139.905,187.2,124.8,17315.2,100000,0,0,312,312,276.286,279.81
08-30-2022,982117,135.476,144,96,17507.2,100000,0,0,240,240,269.286,270.952
08-31-2022,981942,131.262,139.8,93.2,17693.6,100000,0,0,233,233,262.571,262.524
09-01-2022,981585,127.024,198,132,17957.6,100000,0,0,330,330,251.571,254.048
09-02-2022,981427,124.381,163.8,109.2,18176,100000,0,0,273,273,241.857,248.762
09-03-2022,981339,121.595,121.2,80.8,18337.6,100000,0,0,202,202,241.571,243.19
09-04-2022,981237,118.024,102.6,68.4,18474.4,100000,0,0,171,171,241.429,236.048
09-05-2022,980972,114.762,146.4,97.6,18669.6,100000,0,0,244,244,227.571,229.524
09-06-2022,980791,111.381,142.8,95.2,18860,100000,0,0,238,238,220,222.762
09-07-2022,980613,108.905,139.2,92.8,19045.6,100000,0,0,232,232,216.571,217.81
09-08-2022,980429,105.857,139.8,93.2,19232,100000,0,0,233,233,207.429,211.714
09-09-2022,980270,101.81,132,88,19408,100000,0,0,220,220,208.286,203.619
09-10-2022,980172,99.8571,106.8,71.2,19550.4,100000,0,0,178,178,202,199.714
09-11-2022,980160,97.5,64.2,42.8,19636,100000,0,0,107,107,193.429,195
09-12-2022,979821,92.7857,150,100,19836,100000,0,0,250,250,184.714,185.571
09-13-2022,979726,89.1905,116.4,77.6,19991.2,100000,0,0,194,194,179,178.381
09-14-2022,979613,86.4524,103.2,68.8,20128.8,100000,0,0,172,172,174.286,172.905
09-15-2022,979477,84.4286,103.2,68.8,20266.4,100000,0,0,172,172,176.143,168.857
09-16-2022,979327,82.1667,108,72,20410.4,100000,0,0,180,180,160.714,164.333
09-17-2022,979250,79,87,58,20526.4,100000,0,0,145,145,155.571,158
09-18-2022,979182,75.9286,72,48,20622.4,100000,0,0,120,120,150.143,151.857
09-19-2022,979049,72.5238,85.2,56.8,20736,100000,0,0,142,142,144.429,145.048
09-20-2022,978910,69.8095,94.8,63.2,20862.4,100000,0,0,158,158,136.143,139.619
09-21-2022,978829,67.5476,80.4,53.6,20969.6,100000,0,0,134,134,127.857,135.095
09-22-2022,978726,66.5,79.2,52.8,21075.2,100000,0,0,132,132,123,133
09-23-2022,978642,62.7143,73.2,48.8,21172.8,100000,0,0,122,122,124,125.429
09-24-2022,978610,60.119,52.2,34.8,21242.4,100000,0,0,87,87,116.429,120.238
09-25-2022,978545,58.0238,51.6,34.4,21311.2,100000,0,0,86,86,112,116.048
09-26-2022,978364,56.2381,89.4,59.6,21430.4,100000,0,0,149,149,106,112.476
09-27-2022,978327,54,63,42,21514.4,100000,0,0,105,105,103.714,108
09-28-2022,978248,51.8333,61.8,41.2,21596.8,100000,0,0,103,103,103.143,103.667
09-29-2022,978190,50.8095,54,36,21668.8,100000,0,0,90,90,99.8571,101.619
09-30-2022,978091,49.4286,63.6,42.4,21753.6,100000,0,0,106,106,91.5714,98.8571
10-01-2022,978050,47.2381,49.8,33.2,21820,100000,0,0,83,83,88.7143,94.4762
10-02-2022,978021,45.7381,37.8,25.2,21870.4,100000,0,0,63,63,86,91.4762
10-03-2022,977922,43.9048,54.6,36.4,21943.2,100000,0,0,91,91,87,87.8095
10-04-2022,977861,42.7143,51,34,22011.2,100000,0,0,85,85,84.1429,85.4286
10-05-2022,977796,41.7857,50.4,33.6,22078.4,100000,0,0,84,84,80,83.5714
10-06-2022,977706,40.9048,58.2,38.8,22156,100000,0,0,97,97,82,81.8095
10-07-2022,977650,38.8333,51.6,34.4,22224.8,100000,0,0,86,86,81,77.6667
10-08-2022,977640,37.6429,32.4,21.6,22268,100000,0,0,54,54,78.2857,75.2857
10-09-2022,977557,36.3333,46.2,30.8,22329.6,100000,0,0,77,77,76.4286,72.6667
10-10-2022,977484,35.619,50.4,33.6,22396.8,100000,0,0,84,84,70.4286,71.2381
10-11-2022,977450,34.381,39.6,26.4,22449.6,100000,0,0,66,66,68.4286,68.7619
10-12-2022,977389,33.2619,42.6,28.4,22506.4,100000,0,0,71,71,67.5714,66.5238
10-13-2022,977362,32.4524,33,22,22550.4,100000,0,0,55,55,63.5714,64.9048
10-14-2022,977288,31.5476,43.2,28.8,22608,100000,0,0,72,72,60.4286,63.0952
10-15-2022,977275,30.5714,28.8,19.2,22646.4,100000,0,0,48,48,58.8571,61.1429
10-16-2022,977236,29.8333,29.4,19.6,22685.6,100000,0,0,49,49,55.5714,59.6667
10-17-2022,977174,28.4762,37.2,24.8,22735.2,100000,0,0,62,62,56.2857,56.9524
10-18-2022,977138,27.3333,33,22,22779.2,100000,0,0,55,55,53.7143,54.6667
10-19-2022,977108,26.7619,28.8,19.2,22817.6,100000,0,0,48,48,52,53.5238
10-20-2022,977049,25.5714,36,24,22865.6,100000,0,0,60,60,49.1429,51.1429
10-21-2022,977013,24.6429,32.4,21.6,22908.8,100000,0,0,54,54,47.8571,49.2857
10-22-2022,977002,24.0714,21.6,14.4,22937.6,100000,0,0,36,36,46.2857,48.1429
10-23-2022,976987,23.381,17.4,11.6,22960.8,100000,0,0,29,29,47,46.7619
10-24-2022,976921,22.8571,31.8,21.2,23003.2,100000,0,0,53,53,44.1429,45.7143
10-25-2022,976896,21.9286,26.4,17.6,23038.4,100000,0,0,44,44,41.8571,43.8571
10-26-2022,976845,21.5476,31.8,21.2,23080.8,100000,0,0,53,53,41,43.0952
10-27-2022,976826,21.0714,24,16,23112.8,100000,0,0,40,40,40.7143,42.1429
10-28-2022,976798,20.6429,22.8,15.2,23143.2,100000,0,0,38,38,39.5714,41.2857
10-29-2022,976783,19.9048,18,12,23167.2,100000,0,0,30,30,39.2857,39.8095
10-30-2022,976765,19.4762,16.2,10.8,23188.8,100000,0,0,27,27,37.7143,38.9524
10-31-2022,976711,18.7143,27,18,23224.8,100000,0,0,45,45,36.7143,37.4286
11-01-2022,976681,18.1905,25.2,16.8,23258.4,100000,0,0,42,42,36,36.381
11-02-2022,976648,17.7143,25.2,16.8,23292,100000,0,0,42,42,36.2857,35.4286
11-03-2022,976631,17.5714,19.8,13.2,23318.4,100000,0,0,33,33,36.5714,35.1429
11-04-2022,976605,17.1429,19.8,13.2,23344.8,100000,0,0,33,33,36.4286,34.2857
11-05-2022,976581,16.5238,19.2,12.8,23370.4,100000,0,0,32,32,33.8571,33.0476
11-06-2022,976562,15.8333,17.4,11.6,23393.6,100000,0,0,29,29,32.1429,31.6667
11-07-2022,976512,15.1905,26.4,17.6,23428.8,100000,0,0,44,44,31.4286,30.381
11-08-2022,976513,15.0238,14.4,9.6,23448,100000,0,0,24,24,31.2857,30.0476
11-09-2022,976483,14.7857,18,12,23472,100000,0,0,30,30,29,29.5714
11-10-2022,976463,14.5952,16.8,11.2,23494.4,100000,0,0,28,28,28.1429,29.1905
11-11-2022,976434,14.119,19.2,12.8,23520,100000,0,0,32,32,26.8571,28.2381
11-12-2022,976438,13.5238,9.6,6.4,23532.8,100000,0,0,16,16,26,27.0476
11-13-2022,976413,12.9524,13.8,9.2,23551.2,100000,0,0,23,23,25.1429,25.9048
11-14-2022,976373,12.5952,21,14,23579.2,100000,0,0,35,35,23,25.1905
11-15-2022,976376,12.1429,10.8,7.2,23593.6,100000,0,0,18,18,22.8571,24.2857
11-16-2022,976351,11.7143,14.4,9.6,23612.8,100000,0,0,24,24,23.4286,23.4286
11-17-2022,976353,11.2143,7.8,5.2,23623.2,100000,0,0,13,13,22.8571,22.4286
11-18-2022,976310,10.7143,18.6,12.4,23648,100000,0,0,31,31,21.4286,21.4286
11-19-2022,976305,10.5476,12,8,23664,100000,0,0,20,20,21.2857,21.0952
11-20-2022,976292,10.1905,11.4,7.6,23679.2,100000,0,0,19,19,20.4286,20.381
11-21-2022,976266,10,15,10,23699.2,100000,0,0,25,25,21.1429,20
11-22-2022,976261,9.57143,10.2,6.8,23712.8,100000,0,0,17,17,18.7143,19.1429
11-23-2022,976245,9.38095,10.8,7.2,23727.2,100000,0,0,18,18,17.8571,18.7619
11-24-2022,976231,9.07143,10.8,7.2,23741.6,100000,0,0,18,18,16.2857,18.1429
11-25-2022,976224,8.7381,8.4,5.6,23752.8,100000,0,0,14,14,16,17.4762
11-26-2022,976213,8.54762,8.4,5.6,23764,100000,0,0,14,14,16,17.0952
11-27-2022,976213,8.30952,4.8,3.2,23770.4,100000,0,0,8,8,15.5714,16.619
11-28-2022,976180,8.40476,13.8,9.2,23788.8,100000,0,0,23,23,15.8571,16.8095
11-29-2022,976173,7.97619,10.2,6.8,23802.4,100000,0,0,17,17,15.8571,15.9524
11-30-2022,976163,7.7619,9,6,23814.4,100000,0,0,15,15,15,15.5238
12-01-2022,976142,7.5,12,8,23830.4,100000,0,0,20,20,15.2857,15
12-02-2022,976137,7.2381,8.4,5.6,23841.6,100000,0,0,14,14,15,14.4762
12-03-2022,976137,7.11905,4.8,3.2,23848,100000,0,0,8,8,14,14.2381
12-04-2022,976127,7.04762,6,4,23856,100000,0,0,10,10,13.8571,14.0952
12-05-2022,976099,6.97619,12.6,8.4,23872.8,100000,0,0,21,21,13.4286,13.9524
12-06-2022,976102,7,6,4,23880.8,100000,0,0,10,10,13.2857,14
12-07-2022,976087,6.88095,8.4,5.6,23892,100000,0,0,14,14,13.7143,13.7619
12-08-2022,976070,6.90476,10.2,6.8,23905.6,100000,0,0,17,17,13.4286,13.8095
12-09-2022,976064,6.7381,7.8,5.2,23916,100000,0,0,13,13,12.4286,13.4762
12-10-2022,976058,6.61905,6.6,4.4,23924.8,100000,0,0,11,11,12.7143,13.2381
12-11-2022,976054,6.30952,4.8,3.2,23931.2,100000,0,0,8,8,12.8571,12.619
12-12-2022,976038,6.04762,8.4,5.6,23942.4,100000,0,0,14,14,12.5714,12.0952
12-13-2022,976030,5.90476,7.2,4.8,23952,100000,0,0,12,12,12.8571,11.8095
12-14-2022,976015,5.85714,9,6,23964,100000,0,0,15,15,12.5714,11.7143
12-15-2022,976003,5.80952,9,6,23976,100000,0,0,15,15,12.7143,11.619
12-16-2022,975992,5.47619,9,6,23988,100000,0,0,15,15,13,10.9524
12-17-2022,975990,5.33333,5.4,3.6,23995.2,100000,0,0,9,9,13,10.6667
12-18-2022,975983,5.14286,5.4,3.6,24002.4,100000,0,0,9,9,11.1429,10.2857
12-19-2022,975964,4.80952,9.6,6.4,24015.2,100000,0,0,16,16,10.2857,9.61905
12-20-2022,975959,4.61905,7.2,4.8,24024.8,100000,0,0,12,12,9.28571,9.2381
12-21-2022,975967,4.45238,1.2,0.8,24026.4,100000,0,0,2,2,8.85714,8.90476
12-22-2022,975953,4.54762,5.4,3.6,24033.6,100000,0,0,9,9,8.71429,9.09524
12-23-2022,975948,4.30952,4.8,3.2,24040,100000,0,0,8,8,7.42857,8.61905
12-24-2022,975945,4.2381,3.6,2.4,24044.8,100000,0,0,6,6,6.28571,8.47619
12-25-2022,975937,3.95238,4.8,3.2,24051.2,100000,0,0,8,8,6.85714,7.90476
12-26-2022,975932,3.7381,4.2,2.8,24056.8,100000,0,0,7,7,6,7.47619
12-27-2022,975932,3.52381,2.4,1.6,24060,100000,0,0,4,4,5.57143,7.04762
12-28-2022,975926,3.47619,3.6,2.4,24064.8,100000,0,0,6,6,5.28571,6.95238
12-29-2022,975926,3.45238,1.8,1.2,24067.2,100000,0,0,3,3,5.85714,6.90476
12-30-2022,975921,3.2381,3,2,24071.2,100000,0,0,5,5,5.42857,6.47619
12-31-2022,975918,3.19048,2.4,1.6,24074.4,100000,0,0,4,4,6.14286,6.38095
01-01-2023,975901,3.28571,7.2,4.8,24084,100000,0,0,12,12,5.71429,6.57143
01-02-2023,975906,3.21429,2.4,1.6,24087.2,100000,0,0,4,4,6.14286,6.42857
01-03-2023,975893,3.16667,5.4,3.6,24094.4,100000,0,0,9,9,6.28571,6.33333
01-04-2023,975897,3.16667,1.8,1.2,24096.8,100000,0,0,3,3,6.71429,6.33333
01-05-2023,975889,3.16667,3.6,2.4,24101.6,100000,0,0,6,6,6.14286,6.33333
01-06-2023,975885,3.09524,3.6,2.4,24106.4,100000,0,0,6,6,6.57143,6.19048
01-07-2023,975878,3.04762,4.2,2.8,24112,100000,0,0,7,7,6.71429,6.09524
01-08-2023,975871,3.02381,4.8,3.2,24118.4,100000,0,0,8,8,7.14286,6.04762
01-09-2023,975866,3,4.2,2.8,24124,100000,0,0,7,7,7.14286,6
01-10-2023,975855,3.14286,6,4,24132,100000,0,0,10,10,7.14286,6.28571
01-11-2023,975854,3.16667,3.6,2.4,24136.8,100000,0,0,6,6,7,6.33333
01-12-2023,975849,2.97619,3.6,2.4,24141.6,100000,0,0,6,6,7,5.95238
01-13-2023,975845,2.95238,3.6,2.4,24146.4,100000,0,0,6,6,6.57143,5.90476
01-14-2023,975840,2.85714,3.6,2.4,24151.2,100000,0,0,6,6,5.42857,5.71429
01-15-2023,975831,2.95238,4.8,3.2,24157.6,100000,0,0,8,8,5.28571,5.90476
01-16-2023,975832,2.88095,2.4,1.6,24160.8,100000,0,0,4,4,4.71429,5.7619
01-17-2023,975833,2.85714,1.2,0.8,24162.4,100000,0,0,2,2,5.42857,5.71429
01-18-2023,975826,2.78571,3,2,24166.4,100000,0,0,5,5,5.28571,5.57143
01-19-2023,975827,2.66667,1.2,0.8,24168,100000,0,0,2,2,4.71429,5.33333
01-20-2023,975810,2.59524,6.6,4.4,24176.8,100000,0,0,11,11,4.57143,5.19048
01-21-2023,975812,2.5,3,2,24180.8,100000,0,0,5,5,5,5
01-22-2023,975810,2.42857,2.4,1.6,24184,100000,0,0,4,4,5.28571,4.85714
01-23-2023,975808,2.40476,1.8,1.2,24186.4,100000,0,0,3,3,5.42857,4.80952
01-24-2023,975802,2.30952,3,2,24190.4,100000,0,0,5,5,4.57143,4.61905
01-25-2023,975795,2.2619,4.2,2.8,24196,100000,0,0,7,7,4.42857,4.52381
01-26-2023,975797,2.09524,1.8,1.2,24198.4,100000,0,0,3,3,4.28571,4.19048
01-27-2023,975791,2.02381,3,2,24202.4,100000,0,0,5,5,4.42857,4.04762
01-28-2023,975788,2.04762,2.4,1.6,24205.6,100000,0,0,4,4,4.57143,4.09524
01-29-2023,975787,1.97619,1.8,1.2,24208,100000,0,0,3,3,4,3.95238
01-30-2023,975783,1.97619,2.4,1.6,24211.2,100000,0,0,4,4,4.28571,3.95238
01-31-2023,975776,1.80952,3.6,2.4,24216,100000,0,0,6,6,3.85714,3.61905
02-01-2023,975777,1.71429,1.8,1.2,24218.4,100000,0,0,3,3,3.85714,3.42857
02-02-2023,975771,1.66667,3,2,24222.4,100000,0,0,5,5,3.57143,3.33333
02-03-2023,975772,1.61905,1.2,0.8,24224,100000,0,0,2,2,3.14286,3.2381
02-04-2023,975767,1.54762,2.4,1.6,24227.2,100000,0,0,4,4,2.71429,3.09524
02-05-2023,975770,1.42857,0.6,0.4,24228,100000,0,0,1,1,2.57143,2.85714
02-06-2023,975769,1.42857,0.6,0.4,24228.8,100000,0,0,1,1,2.14286,2.85714
02-07-2023,975764,1.38095,1.8,1.2,24231.2,100000,0,0,3,3,2.42857,2.7619
02-08-2023,975764,1.38095,1.2,0.8,24232.8,100000,0,0,2,2,2,2.7619
02-09-2023,975762,1.33333,1.2,0.8,24234.4,100000,0,0,2,2,2.14286,2.66667
02-10-2023,975757,1.30952,2.4,1.6,24237.6,100000,0,0,4,4,2.14286,2.61905
02-11-2023,975759,1.16667,0.6,0.4,24238.4,100000,0,0,1,1,2,2.33333
02-12-2023,975757,1.14286,1.2,0.8,24240,100000,0,0,2,2,2,2.28571
02-13-2023,975757,1.07143,0.6,0.4,24240.8,100000,0,0,1,1,2.14286,2.14286
02-14-2023,975755,1.09524,1.2,0.8,24242.4,100000,0,0,2,2,2,2.19048
02-15-2023,975753,1.02381,1.2,0.8,24244,100000,0,0,2,2,2.42857,2.04762
02-16-2023,975750,1.09524,1.8,1.2,24246.4,100000,0,0,3,3,2.28571,2.19048
02-17-2023,975747,1.14286,1.8,1.2,24248.8,100000,0,0,3,3,2.57143,2.28571
02-18-2023,975743,1.21429,2.4,1.6,24252,100000,0,0,4,4,2.28571,2.42857
02-19-2023,975745,1.21429,0.6,0.4,24252.8,100000,0,0,1,1,2.28571,2.42857
02-20-2023,975741,1.19048,1.8,1.2,24255.2,100000,0,0,3,3,2.14286,2.38095
02-21-2023,975744,1.09524,0,0,24255.2,100000,0,0,0,0,2.14286,2.19048
02-22-2023,975740,1.2381,1.2,0.8,24256.8,100000,0,0,2,2,1.71429,2.47619
02-23-2023,975738,1.2381,1.2,0.8,24258.4,100000,0,0,2,2,2.14286,2.47619
02-24-2023,975735,1.21429,1.8,1.2,24260.8,100000,0,0,3,3,2.14286,2.42857
02-25-2023,975736,1.19048,0.6,0.4,24261.6,100000,0,0,1,1,3,2.38095
02-26-2023,975730,1.19048,2.4,1.6,24264.8,100000,0,0,4,4,3,2.38095
02-27-2023,975729,1.16667,1.8,1.2,24267.2,100000,0,0,3,3,2.85714,2.33333
02-28-2023,975721,1.16667,3.6,2.4,24272,100000,0,0,6,6,2.42857,2.33333
03-01-2023,975723,1.14286,1.2,0.8,24273.6,100000,0,0,2,2,3.28571,2.28571
03-02-2023,975723,1.11905,0.6,0.4,24274.4,100000,0,0,1,1,3,2.2381
03-03-2023,975724,1.16667,0,0,24274.4,100000,0,0,0,0,2.57143,2.33333
03-04-2023,975712,1.21429,4.2,2.8,24280,100000,0,0,7,7,1.85714,2.42857
03-05-2023,975715,1.16667,1.2,0.8,24281.6,100000,0,0,2,2,1.85714,2.33333
03-06-2023,975717,1.16667,0,0,24281.6,100000,0,0,0,0,2,2.33333
03-07-2023,975715,1.14286,0.6,0.4,24282.4,100000,0,0,1,1,2.42857,2.28571
03-08-2023,975713,1.14286,1.2,0.8,24284,100000,0,0,2,2,1.85714,2.28571
03-09-2023,975711,1.07143,1.2,0.8,24285.6,100000,0,0,2,2,1.57143,2.14286
03-10-2023,975708,1.02381,1.8,1.2,24288,100000,0,0,3,3,2.28571,2.04762
03-11-2023,975706,0.928571,1.8,1.2,24290.4,100000,0,0,3,3,2.42857,1.85714
03-12-2023,975709,0.880952,0,0,24290.4,100000,0,0,0,0,2.14286,1.7619
03-13-2023,975700,0.904762,3,2,24294.4,100000,0,0,5,5,2.14286,1.80952
03-14-2023,975701,0.97619,1.2,0.8,24296,100000,0,0,2,2,2,1.95238
03-15-2023,975703,0.833333,0,0,24296,100000,0,0,0,0,1.71429,1.66667
03-16-2023,975700,0.833333,1.2,0.8,24297.6,100000,0,0,2,2,1.85714,1.66667
03-17-2023,975698,0.904762,1.2,0.8,24299.2,100000,0,0,2,2,1.28571,1.80952
03-18-2023,975698,0.880952,0.6,0.4,24300,100000,0,0,1,1,1.28571,1.7619
03-19-2023,975697,0.880952,0.6,0.4,24300.8,100000,0,0,1,1,1.28571,1.7619
03-20-2023,975696,0.904762,0.6,0.4,24301.6,100000,0,0,1,1,1.28571,1.80952
03-21-2023,975694,0.880952,1.2,0.8,24303.2,100000,0,0,2,2,1.42857,1.7619
03-22-2023,975696,0.857143,0,0,24303.2,100000,0,0,0,0,1.42857,1.71429
03-23-2023,975692,0.857143,1.2,0.8,24304.8,100000,0,0,2,2,1.57143,1.71429
03-24-2023,975689,0.809524,1.8,1.2,24307.2,100000,0,0,3,3,1.85714,1.61905
03-25-2023,975690,0.761905,0.6,0.4,24308,100000,0,0,1,1,1.57143,1.52381
03-26-2023,975688,0.833333,1.2,0.8,24309.6,100000,0,0,2,2,1.85714,1.66667
03-27-2023,975684,0.809524,1.8,1.2,24312,100000,0,0,3,3,2,1.61905
03-28-2023,975687,0.761905,0,0,24312,100000,0,0,0,0,1.85714,1.52381
03-29-2023,975684,0.738095,1.2,0.8,24313.6,100000,0,0,2,2,2,1.47619
03-30-2023,975680,0.714286,1.8,1.2,24316,100000,0,0,3,3,1.71429,1.42857
03-31-2023,975680,0.690476,1.2,0.8,24317.6,100000,0,0,2,2,1.71429,1.38095
04-01-2023,975678,0.642857,1.2,0.8,24319.2,100000,0,0,2,2,1.71429,1.28571
04-02-2023,975680,0.714286,0,0,24319.2,100000,0,0,0,0,1.85714,1.42857
04-03-2023,975675,0.714286,1.8,1.2,24321.6,100000,0,0,3,3,1.57143,1.42857
04-04-2023,975678,0.690476,0,0,24321.6,100000,0,0,0,0,1.28571,1.38095
04-05-2023,975672,0.738095,1.8,1.2,24324,100000,0,0,3,3,1,1.47619
04-06-2023,975673,0.761905,0.6,0.4,24324.8,100000,0,0,1,1,1,1.52381
04-07-2023,975674,0.714286,0,0,24324.8,100000,0,0,0,0,0.571429,1.42857
04-08-2023,975674,0.833333,0,0,24324.8,100000,0,0,0,0,0.571429,1.66667
04-09-2023,975674,0.833333,0,0,24324.8,100000,0,0,0,0,0.571429,1.66667
04-10-2023,975674,0.857143,0,0,24324.8,100000,0,0,0,0,0.714286,1.71429
04-11-2023,975674,0.857143,0,0,24324.8,100000,0,0,0,0,1,1.71429
04-12-2023,975669,0.809524,1.8,1.2,24327.2,100000,0,0,3,3,1.42857,1.61905
04-13-2023,975668,0.880952,1.2,0.8,24328.8,100000,0,0,2,2,1.85714,1.7619
04-14-2023,975667,0.833333,1.2,0.8,24330.4,100000,0,0,2,2,2,1.66667
04-15-2023,975663,0.857143,1.8,1.2,24332.8,100000,0,0,3,3,2.71429,1.71429
04-16-2023,975661,0.785714,1.8,1.2,24335.2,100000,0,0,3,3,2.57143,1.57143
04-17-2023,975662,0.785714,0.6,0.4,24336,100000,0,0,1,1,2.85714,1.57143
04-18-2023,975654,0.809524,3,2,24340,100000,0,0,5,5,2.85714,1.61905
04-19-2023,975656,0.857143,1.2,0.8,24341.6,100000,0,0,2,2,2.42857,1.71429
04-20-2023,975650,0.880952,2.4,1.6,24344.8,100000,0,0,4,4,2.42857,1.7619
04-21-2023,975651,1.04762,1.2,0.8,24346.4,100000,0,0,2,2,2.42857,2.09524
04-22-2023,975653,1.09524,0,0,24346.4,100000,0,0,0,0,1.85714,2.19048
04-23-2023,975647,1.14286,1.8,1.2,24348.8,100000,0,0,3,3,1.57143,2.28571
04-24-2023,975648,1.21429,0.6,0.4,24349.6,100000,0,0,1,1,1.14286,2.42857
04-25-2023,975647,1.21429,0.6,0.4,24350.4,100000,0,0,1,1,1,2.42857
04-26-2023,975648,1.19048,0,0,24350.4,100000,0,0,0,0,1.28571,2.38095
04-27-2023,975647,1.21429,0.6,0.4,24351.2,100000,0,0,1,1,1,2.42857
04-28-2023,975646,1.21429,0.6,0.4,24352,100000,0,0,1,1,1.85714,2.42857
04-29-2023,975643,1.19048,1.2,0.8,24353.6,100000,0,0,2,2,2,2.38095
04-30-2023,975643,1.16667,0.6,0.4,24354.4,100000,0,0,1,1,2.71429,2.33333
05-01-2023,975632,1.14286,4.2,2.8,24360,100000,0,0,7,7,3.28571,2.28571
05-02-2023,975635,1.09524,1.2,0.8,24361.6,100000,0,0,2,2,3.42857,2.19048
05-03-2023,975628,1.2381,3,2,24365.6,100000,0,0,5,5,3.42857,2.47619
05-04-2023,975624,1.19048,3,2,24369.6,100000,0,0,5,5,3.85714,2.38095
05-05-2023,975625,1.30952,1.2,0.8,24371.2,100000,0,0,2,2,3,2.61905
05-06-2023,975624,1.35714,1.2,0.8,24372.8,100000,0,0,2,2,3.28571,2.71429
05-07-2023,975619,1.40476,2.4,1.6,24376,100000,0,0,4,4,2.71429,2.80952
05-08-2023,975621,1.47619,0.6,0.4,24376.8,100000,0,0,1,1,2.42857,2.95238
05-09-2023,975614,1.5,2.4,1.6,24380,100000,0,0,4,4,2.14286,3
05-10-2023,975617,1.5,0.6,0.4,24380.8,100000,0,0,1,1,2.71429,3
05-11-2023,975612,1.47619,1.8,1.2,24383.2,100000,0,0,3,3,2.28571,2.95238
05-12-2023,975615,1.38095,0,0,24383.2,100000,0,0,0,0,3,2.7619
05-13-2023,975605,1.38095,3.6,2.4,24388,100000,0,0,6,6,2.85714,2.7619
05-14-2023,975609,1.38095,0.6,0.4,24388.8,100000,0,0,1,1,3,2.7619
05-15-2023,975599,1.35714,3.6,2.4,24393.6,100000,0,0,6,6,3.14286,2.71429
05-16-2023,975600,1.40476,1.8,1.2,24396,100000,0,0,3,3,3.42857,2.80952
05-17-2023,975599,1.42857,1.2,0.8,24397.6,100000,0,0,2,2,2.85714,2.85714
05-18-2023,975594,1.47619,2.4,1.6,24400.8,100000,0,0,4,4,2.71429,2.95238
05-19-2023,975594,1.5,1.2,0.8,24402.4,100000,0,0,2,2,2.28571,3
05-20-2023,975593,1.45238,1.2,0.8,24404,100000,0,0,2,2,2.14286,2.90476
05-21-2023,975595,1.45238,0,0,24404,100000,0,0,0,0,2.57143,2.90476
05-22-2023,975589,1.42857,1.8,1.2,24406.4,100000,0,0,3,3,2.57143,2.85714
05-23-2023,975588,1.54762,1.2,0.8,24408,100000,0,0,2,2,2.85714,3.09524
05-24-2023,975582,1.45238,3,2,24412,100000,0,0,5,5,3,2.90476
05-25-2023,975579,1.52381,2.4,1.6,24415.2,100000,0,0,4,4,3.85714,3.04762
05-26-2023,975576,1.5,2.4,1.6,24418.4,100000,0,0,4,4,3.71429,3
05-27-2023,975575,1.52381,1.8,1.2,24420.8,100000,0,0,3,3,3.71429,3.04762
05-28-2023,975567,1.52381,3.6,2.4,24425.6,100000,0,0,6,6,3.14286,3.04762
05-29-2023,975569,1.5,1.2,0.8,24427.2,100000,0,0,2,2,2.85714,3
05-30-2023,975568,1.54762,1.2,0.8,24428.8,100000,0,0,2,2,3,3.09524
05-31-2023,975568,1.59524,0.6,0.4,24429.6,100000,0,0,1,1,2.85714,3.19048
06-01-2023,975565,1.69048,1.2,0.8,24431.2,100000,0,0,2,2,2.57143,3.38095
06-02-2023,975558,1.66667,3,2,24435.2,100000,0,0,5,5,3,3.33333
06-03-2023,975559,1.7619,1.2,0.8,24436.8,100000,0,0,2,2,3.28571,3.52381
06-04-2023,975554,1.7619,2.4,1.6,24440,100000,0,0,4,4,3.42857,3.52381
06-05-2023,975549,1.7381,3,2,24444,100000,0,0,5,5,3.57143,3.47619
06-06-2023,975547,1.78571,2.4,1.6,24447.2,100000,0,0,4,4,3.42857,3.57143
06-07-2023,975547,1.78571,1.2,0.8,24448.8,100000,0,0,2,2,3.71429,3.57143
06-08-2023,975544,1.78571,1.8,1.2,24451.2,100000,0,0,3,3,3.71429,3.57143
06-09-2023,975540,1.88095,2.4,1.6,24454.4,100000,0,0,4,4,3.28571,3.7619
06-10-2023,975536,1.90476,2.4,1.6,24457.6,100000,0,0,4,4,3.57143,3.80952
06-11-2023,975533,1.97619,2.4,1.6,24460.8,100000,0,0,4,4,4,3.95238
06-12-2023,975534,2,1.2,0.8,24462.4,100000,0,0,2,2,4,4
06-13-2023,975525,1.95238,3.6,2.4,24467.2,100000,0,0,6,6,4.28571,3.90476
06-14-2023,975522,1.92857,3,2,24471.2,100000,0,0,5,5,4.14286,3.85714
06-15-2023,975521,1.92857,1.8,1.2,24473.6,100000,0,0,3,3,4.42857,3.85714
06-16-2023,975514,1.90476,3.6,2.4,24478.4,100000,0,0,6,6,5,3.80952
06-17-2023,975514,1.92857,1.8,1.2,24480.8,100000,0,0,3,3,4.57143,3.85714
06-18-2023,975506,2.02381,3.6,2.4,24485.6,100000,0,0,6,6,4.42857,4.04762
06-19-2023,975502,2.07143,3.6,2.4,24490.4,100000,0,0,6,6,4.42857,4.14286
06-20-2023,975502,2.04762,1.8,1.2,24492.8,100000,0,0,3,3,4,4.09524
06-21-2023,975498,2,2.4,1.6,24496,100000,0,0,4,4,3.71429,4
06-22-2023,975497,2.02381,1.8,1.2,24498.4,100000,0,0,3,3,3.42857,4.04762
06-23-2023,975494,2.07143,1.8,1.2,24500.8,100000,0,0,3,3,3.14286,4.14286
06-24-2023,975495,2,0.6,0.4,24501.6,100000,0,0,1,1,3.42857,4
06-25-2023,975489,1.95238,2.4,1.6,24504.8,100000,0,0,4,4,3.71429,3.90476
06-26-2023,975486,2.02381,2.4,1.6,24508,100000,0,0,4,4,4,4.04762
06-27-2023,975481,2.04762,3,2,24512,100000,0,0,5,5,4,4.09524
06-28-2023,975475,2.09524,3.6,2.4,24516.8,100000,0,0,6,6,4.14286,4.19048
06-29-2023,975472,2.04762,3,2,24520.8,100000,0,0,5,5,4.28571,4.09524
06-30-2023,975472,2.07143,1.8,1.2,24523.2,100000,0,0,3,3,4.28571,4.14286
07-01-2023,975471,2.11905,1.2,0.8,24524.8,100000,0,0,2,2,4,4.2381
07-02-2023,975464,2.11905,3,2,24528.8,100000,0,0,5,5,3.57143,4.2381
07-03-2023,975462,2.11905,2.4,1.6,24532,100000,0,0,4,4,3.71429,4.2381
07-04-2023,975460,2.19048,1.8,1.2,24534.4,100000,0,0,3,3,4.28571,4.38095
07-05-2023,975458,2.30952,1.8,1.2,24536.8,100000,0,0,3,3,4.71429,4.61905
07-06-2023,975450,2.2619,3.6,2.4,24541.6,100000,0,0,6,6,4.57143,4.52381
07-07-2023,975444,2.21429,4.2,2.8,24547.2,100000,0,0,7,7,5,4.42857
07-08-2023,975442,2.19048,3,2,24551.2,100000,0,0,5,5,5.28571,4.38095
07-09-2023,975439,2.2619,2.4,1.6,24554.4,100000,0,0,4,4,5.42857,4.52381
07-10-2023,975431,2.19048,4.2,2.8,24560,100000,0,0,7,7,5,4.38095
07-11-2023,975429,2.11905,3,2,24564,100000,0,0,5,5,4.85714,4.2381
07-12-2023,975427,2.11905,2.4,1.6,24567.2,100000,0,0,4,4,5,4.2381
07-13-2023,975425,2.02381,1.8,1.2,24569.6,100000,0,0,3,3,4.71429,4.04762
07-14-2023,975418,2.04762,3.6,2.4,24574.4,100000,0,0,6,6,4,4.09524
07-15-2023,975413,2.11905,3.6,2.4,24579.2,100000,0,0,6,6,3.85714,4.2381
07-16-2023,975415,2.14286,1.2,0.8,24580.8,100000,0,0,2,2,4.57143,4.28571
07-17-2023,975414,2.09524,1.2,0.8,24582.4,100000,0,0,2,2,4.42857,4.19048
07-18-2023,975408,2,2.4,1.6,24585.6,100000,0,0,4,4,3.57143,4
07-19-2023,975396,1.90476,5.4,3.6,24592.8,100000,0,0,9,9,3,3.80952
07-20-2023,975402,1.85714,1.2,0.8,24594.4,100000,0,0,2,2,2.85714,3.71429
07-21-2023,975404,1.83333,0,0,24594.4,100000,0,0,0,0,3.28571,3.66667
07-22-2023,975400,1.83333,1.2,0.8,24596,100000,0,0,2,2,3.57143,3.66667
07-23-2023,975400,1.88095,0.6,0.4,24596.8,100000,0,0,1,1,2.85714,3.7619
07-24-2023,975392,1.88095,3,2,24600.8,100000,0,0,5,5,3.14286,3.7619
07-25-2023,975387,1.85714,3.6,2.4,24605.6,100000,0,0,6,6,3.57143,3.71429
07-26-2023,975385,1.7619,2.4,1.6,24608.8,100000,0,0,4,4,3.42857,3.52381
07-27-2023,975382,1.78571,2.4,1.6,24612,100000,0,0,4,4,3.57143,3.57143
07-28-2023,975381,1.83333,1.8,1.2,24614.4,100000,0,0,3,3,3.71429,3.66667
07-29-2023,975382,1.85714,0.6,0.4,24615.2,100000,0,0,1,1,3.57143,3.71429
07-30-2023,975379,1.7619,1.2,0.8,24616.8,100000,0,0,2,2,3.85714,3.52381
07-31-2023,975371,1.7619,3.6,2.4,24621.6,100000,0,0,6,6,3.71429,3.52381
08-01-2023,975368,1.83333,3,2,24625.6,100000,0,0,5,5,4,3.66667
08-02-2023,975362,1.85714,3.6,2.4,24630.4,100000,0,0,6,6,4.14286,3.71429
08-03-2023,975362,1.92857,1.8,1.2,24632.8,100000,0,0,3,3,4.28571,3.85714
08-04-2023,975356,1.88095,3,2,24636.8,100000,0,0,5,5,4,3.7619
08-05-2023,975358,1.85714,1.2,0.8,24638.4,100000,0,0,2,2,4,3.71429
08-06-2023,975354,1.90476,1.8,1.2,24640.8,100000,0,0,3,3,3.85714,3.80952
08-07-2023,975350,1.83333,2.4,1.6,24644,100000,0,0,4,4,3.71429,3.66667
08-08-2023,975345,1.83333,3,2,24648,100000,0,0,5,5,3.42857,3.66667
08-09-2023,975341,1.83333,3,2,24652,100000,0,0,5,5,3.57143,3.66667
08-10-2023,975343,1.78571,1.2,0.8,24653.6,100000,0,0,2,2,3.71429,3.57143
08-11-2023,975339,1.7381,1.8,1.2,24656,100000,0,0,3,3,3.57143,3.47619
08-12-2023,975337,1.69048,1.8,1.2,24658.4,100000,0,0,3,3,3.57143,3.38095
08-13-2023,975333,1.69048,2.4,1.6,24661.6,100000,0,0,4,4,3.71429,3.38095
08-14-2023,975331,1.7381,1.8,1.2,24664,100000,0,0,3,3,3.57143,3.47619
08-15-2023,975325,1.69048,3,2,24668,100000,0,0,5,5,3.57143,3.38095
08-16-2023,975320,1.64286,3.6,2.4,24672.8,100000,0,0,6,6,3.28571,3.28571
08-17-2023,975324,1.64286,0.6,0.4,24673.6,100000,0,0,1,1,2.71429,3.28571
08-18-2023,975319,1.59524,1.8,1.2,24676,100000,0,0,3,3,2.85714,3.19048
08-19-2023,975321,1.57143,0.6,0.4,24676.8,100000,0,0,1,1,2.57143,3.14286
08-20-2023,975322,1.5,0,0,24676.8,100000,0,0,0,0,2.57143,3
08-21-2023,975315,1.47619,2.4,1.6,24680,100000,0,0,4,4,3.14286,2.95238
08-22-2023,975313,1.45238,1.8,1.2,24682.4,100000,0,0,3,3,3.14286,2.90476
08-23-2023,975305,1.40476,3.6,2.4,24687.2,100000,0,0,6,6,3,2.80952
08-24-2023,975302,1.35714,3,2,24691.2,100000,0,0,5,5,3.42857,2.71429
08-25-2023,975302,1.38095,1.8,1.2,24693.6,100000,0,0,3,3,3.14286,2.7619
08-26-2023,975305,1.38095,0,0,24693.6,100000,0,0,0,0,3.28571,2.7619
08-27-2023,975300,1.33333,1.8,1.2,24696,100000,0,0,3,3,2.71429,2.66667
08-28-2023,975299,1.30952,1.2,0.8,24697.6,100000,0,0,2,2,2.14286,2.61905
08-29-2023,975294,1.33333,2.4,1.6,24700.8,100000,0,0,4,4,2,2.66667
08-30-2023,975294,1.45238,1.2,0.8,24702.4,100000,0,0,2,2,2.14286,2.90476
08-31-2023,975294,1.64286,0.6,0.4,24703.2,100000,0,0,1,1,2,3.28571
09-01-2023,975292,1.61905,1.2,0.8,24704.8,100000,0,0,2,2,2.28571,3.2381
09-02-2023,975292,1.71429,0.6,0.4,24705.6,100000,0,0,1,1,2.42857,3.42857
09-03-2023,975289,1.61905,1.2,0.8,24707.2,100000,0,0,2,2,2.71429,3.2381
09-04-2023,975284,1.59524,2.4,1.6,24710.4,100000,0,0,4,4,2.57143,3.19048
09-05-2023,975279,1.7381,3,2,24714.4,100000,0,0,5,5,2.85714,3.47619
09-06-2023,975277,1.80952,2.4,1.6,24717.6,100000,0,0,4,4,3.57143,3.61905
09-07-2023,975281,1.80952,0,0,24717.6,100000,0,0,0,0,4.42857,3.61905
09-08-2023,975273,1.92857,2.4,1.6,24720.8,100000,0,0,4,4,4.28571,3.85714
09-09-2023,975266,1.95238,3.6,2.4,24725.6,100000,0,0,6,6,4.57143,3.90476
09-10-2023,975258,2.04762,4.8,3.2,24732,100000,0,0,8,8,4.28571,4.09524
09-11-2023,975260,2.16667,1.8,1.2,24734.4,100000,0,0,3,3,4.85714,4.33333
09-12-2023,975251,2.28571,4.2,2.8,24740,100000,0,0,7,7,5.57143,4.57143
09-13-2023,975254,2.38095,1.2,0.8,24741.6,100000,0,0,2,2,5.14286,4.7619
09-14-2023,975249,2.40476,2.4,1.6,24744.8,100000,0,0,4,4,4.42857,4.80952
09-15-2023,975237,2.45238,5.4,3.6,24752,100000,0,0,9,9,5,4.90476
09-16-2023,975240,2.47619,1.8,1.2,24754.4,100000,0,0,3,3,4.71429,4.95238
09-17-2023,975238,2.42857,1.8,1.2,24756.8,100000,0,0,3,3,5.28571,4.85714
09-18-2023,975228,2.61905,4.2,2.8,24762.4,100000,0,0,7,7,5.57143,5.2381
09-19-2023,975226,2.61905,3,2,24766.4,100000,0,0,5,5,5.28571,5.2381
09-20-2023,975220,2.59524,3.6,2.4,24771.2,100000,0,0,6,6,5.57143,5.19048
09-21-2023,975216,2.5,3.6,2.4,24776,100000,0,0,6,6,5.57143,5
09-22-2023,975209,2.61905,4.2,2.8,24781.6,100000,0,0,7,7,5.42857,5.2381
09-23-2023,975207,2.59524,3,2,24785.6,100000,0,0,5,5,5.57143,5.19048
09-24-2023,975206,2.66667,1.8,1.2,24788,100000,0,0,3,3,5,5.33333
09-25-2023,975198,2.92857,3.6,2.4,24792.8,100000,0,0,6,6,5.28571,5.85714
09-26-2023,975194,2.85714,3.6,2.4,24797.6,100000,0,0,6,6,4.85714,5.71429
09-27-2023,975196,3,1.2,0.8,24799.2,100000,0,0,2,2,4.85714,6
09-28-2023,975183,3.11905,4.8,3.2,24805.6,100000,0,0,8,8,5,6.2381
09-29-2023,975184,3.09524,2.4,1.6,24808.8,100000,0,0,4,4,5.28571,6.19048
09-30-2023,975179,3.14286,3,2,24812.8,100000,0,0,5,5,5.28571,6.28571
10-01-2023,975177,3.16667,2.4,1.6,24816,100000,0,0,4,4,5.71429,6.33333
10-02-2023,975166,3.28571,4.8,3.2,24822.4,100000,0,0,8,8,6.71429,6.57143
10-03-2023,975163,3.54762,3.6,2.4,24827.2,100000,0,0,6,6,7,7.09524
10-04-2023,975160,3.59524,3,2,24831.2,100000,0,0,5,5,7.57143,7.19048
10-05-2023,975138,3.71429,9,6,24843.2,100000,0,0,15,15,8.14286,7.42857
10-06-2023,975142,3.83333,3.6,2.4,24848,100000,0,0,6,6,7.85714,7.66667
10-07-2023,975132,3.90476,5.4,3.6,24855.2,100000,0,0,9,9,8,7.80952
10-08-2023,975126,3.90476,4.8,3.2,24861.6,100000,0,0,8,8,8.28571,7.80952
10-09-2023,975124,3.95238,3.6,2.4,24866.4,100000,0,0,6,6,7.71429,7.90476
10-10-2023,975117,4.16667,4.2,2.8,24872,100000,0,0,7,7,9.42857,8.33333
10-11-2023,975111,4.33333,4.2,2.8,24877.6,100000,0,0,7,7,9.14286,8.66667
10-12-2023,975098,4.33333,6.6,4.4,24886.4,100000,0,0,11,11,9.14286,8.66667
10-13-2023,975077,4.35714,10.8,7.2,24900.8,100000,0,0,18,18,9.85714,8.71429
10-14-2023,975082,4.45238,4.2,2.8,24906.4,100000,0,0,7,7,10.1429,8.90476
10-15-2023,975075,4.54762,4.8,3.2,24912.8,100000,0,0,8,8,9.42857,9.09524
10-16-2023,975063,4.5,6.6,4.4,24921.6,100000,0,0,11,11,9.28571,9
10-17-2023,975058,4.61905,5.4,3.6,24928.8,100000,0,0,9,9,8.57143,9.2381
10-18-2023,975063,4.52381,1.2,0.8,24930.4,100000,0,0,2,2,9.28571,9.04762
10-19-2023,975047,4.52381,6,4,24938.4,100000,0,0,10,10,8.71429,9.04762
10-20-2023,975034,4.59524,7.8,5.2,24948.8,100000,0,0,13,13,8.42857,9.19048
10-21-2023,975025,4.57143,7.2,4.8,24958.4,100000,0,0,12,12,8.57143,9.14286
10-22-2023,975030,4.59524,2.4,1.6,24961.6,100000,0,0,4,4,9.57143,9.19048
10-23-2023,975018,4.45238,5.4,3.6,24968.8,100000,0,0,9,9,10,8.90476
10-24-2023,975009,4.28571,6,4,24976.8,100000,0,0,10,10,9.71429,8.57143
10-25-2023,975003,4.38095,5.4,3.6,24984,100000,0,0,9,9,8.71429,8.7619
10-26-2023,974988,4.28571,7.8,5.2,24994.4,100000,0,0,13,13,9.28571,8.57143
10-27-2023,974981,4.38095,6.6,4.4,25003.2,100000,0,0,11,11,9.28571,8.7619
10-28-2023,974983,4.42857,3,2,25007.2,100000,0,0,5,5,8.71429,8.85714
10-29-2023,974974,4.64286,4.8,3.2,25013.6,100000,0,0,8,8,8.57143,9.28571
10-30-2023,974965,4.7619,5.4,3.6,25020.8,100000,0,0,9,9,7.42857,9.52381
10-31-2023,974964,4.64286,3.6,2.4,25025.6,100000,0,0,6,6,7.42857,9.28571
11-01-2023,974955,4.57143,4.8,3.2,25032,100000,0,0,8,8,8.28571,9.14286
11-02-2023,974954,4.7381,3,2,25036,100000,0,0,5,5,7.71429,9.47619
11-03-2023,974939,4.78571,6.6,4.4,25044.8,100000,0,0,11,11,8.57143,9.57143
11-04-2023,974931,4.83333,6.6,4.4,25053.6,100000,0,0,11,11,9.28571,9.66667
11-05-2023,974934,4.88095,2.4,1.6,25056.8,100000,0,0,4,4,9.71429,9.7619
11-06-2023,974911,4.83333,9,6,25068.8,100000,0,0,15,15,11.1429,9.66667
11-07-2023,974907,4.7619,6.6,4.4,25077.6,100000,0,0,11,11,10.7143,9.52381
11-08-2023,974898,4.83333,6.6,4.4,25086.4,100000,0,0,11,11,10.4286,9.66667
11-09-2023,974882,4.80952,9,6,25098.4,100000,0,0,15,15,11.4286,9.61905
11-10-2023,974882,4.80952,4.8,3.2,25104.8,100000,0,0,8,8,10.8571,9.61905
11-11-2023,974874,4.95238,5.4,3.6,25112,100000,0,0,9,9,11,9.90476
11-12-2023,974863,5.07143,6.6,4.4,25120.8,100000,0,0,11,11,11,10.1429
11-13-2023,974854,5.09524,6.6,4.4,25129.6,100000,0,0,11,11,10.4286,10.1905
11-14-2023,974844,4.97619,7.2,4.8,25139.2,100000,0,0,12,12,10.4286,9.95238
11-15-2023,974836,4.85714,6.6,4.4,25148,100000,0,0,11,11,10.2857,9.71429
11-16-2023,974827,4.90476,6.6,4.4,25156.8,100000,0,0,11,11,9.71429,9.80952
11-17-2023,974824,4.90476,4.8,3.2,25163.2,100000,0,0,8,8,9.42857,9.80952
11-18-2023,974817,5,4.8,3.2,25169.6,100000,0,0,8,8,9.42857,10
11-19-2023,974813,4.92857,4.2,2.8,25175.2,100000,0,0,7,7,9.71429,9.85714
11-20-2023,974804,4.71429,5.4,3.6,25182.4,100000,0,0,9,9,9,9.42857
11-21-2023,974791,4.71429,7.2,4.8,25192,100000,0,0,12,12,8.71429,9.42857
11-22-2023,974780,4.64286,7.8,5.2,25202.4,100000,0,0,13,13,8.42857,9.28571
11-23-2023,974782,4.61905,3.6,2.4,25207.2,100000,0,0,6,6,8.28571,9.2381
11-24-2023,974777,4.52381,3.6,2.4,25212,100000,0,0,6,6,9.14286,9.04762
11-25-2023,974773,4.42857,3.6,2.4,25216.8,100000,0,0,6,6,9.57143,8.85714
11-26-2023,974768,4.38095,3.6,2.4,25221.6,100000,0,0,6,6,8.85714,8.7619
11-27-2023,974747,4.47619,9,6,25233.6,100000,0,0,15,15,8.85714,8.95238
11-28-2023,974735,4.52381,9,6,25245.6,100000,0,0,15,15,9.14286,9.04762
11-29-2023,974735,4.59524,4.8,3.2,25252,100000,0,0,8,8,9.14286,9.19048
11-30-2023,974732,4.71429,3.6,2.4,25256.8,100000,0,0,6,6,9.71429,9.42857
12-01-2023,974724,4.71429,4.8,3.2,25263.2,100000,0,0,8,8,8.57143,9.42857
12-02-2023,974721,4.54762,3.6,2.4,25268,100000,0,0,6,6,7.57143,9.09524
12-03-2023,974710,4.38095,6,4,25276,100000,0,0,10,10,7.71429,8.7619
12-04-2023,974707,4.35714,4.2,2.8,25281.6,100000,0,0,7,7,9,8.71429
12-05-2023,974700,4.47619,4.8,3.2,25288,100000,0,0,8,8,9.28571,8.95238
12-06-2023,974691,4.47619,5.4,3.6,25295.2,100000,0,0,9,9,10,8.95238
12-07-2023,974673,4.5,9,6,25307.2,100000,0,0,15,15,10.2857,9
12-08-2023,974670,4.47619,6,4,25315.2,100000,0,0,10,10,10.5714,8.95238
12-09-2023,974661,4.2381,6.6,4.4,25324,100000,0,0,11,11,10.1429,8.47619
12-10-2023,974650,4.21429,7.2,4.8,25333.6,100000,0,0,12,12,9.71429,8.42857
12-11-2023,974646,4.30952,5.4,3.6,25340.8,100000,0,0,9,9,8.28571,8.61905
12-12-2023,974646,4.21429,3,2,25344.8,100000,0,0,5,5,8.42857,8.42857
12-13-2023,974640,4.40476,3.6,2.4,25349.6,100000,0,0,6,6,7.71429,8.80952
12-14-2023,974637,4.33333,3,2,25353.6,100000,0,0,5,5,7,8.66667
12-15-2023,974622,4.38095,6.6,4.4,25362.4,100000,0,0,11,11,7.71429,8.7619
12-16-2023,974622,4.52381,3.6,2.4,25367.2,100000,0,0,6,6,7.71429,9.04762
12-17-2023,974616,4.40476,4.2,2.8,25372.8,100000,0,0,7,7,7.85714,8.80952
12-18-2023,974598,4.21429,8.4,5.6,25384,100000,0,0,14,14,8.57143,8.42857
12-19-2023,974603,4.14286,3,2,25388,100000,0,0,5,5,7.57143,8.28571
12-20-2023,974595,4.07143,4.2,2.8,25393.6,100000,0,0,7,7,8.71429,8.14286
12-21-2023,974585,3.85714,6,4,25401.6,100000,0,0,10,10,8.71429,7.71429
12-22-2023,974587,3.7619,2.4,1.6,25404.8,100000,0,0,4,4,8,7.52381
12-23-2023,974566,3.7619,8.4,5.6,25416,100000,0,0,14,14,9.28571,7.52381
12-24-2023,974568,3.83333,4.2,2.8,25421.6,100000,0,0,7,7,8.85714,7.66667
12-25-2023,974558,3.83333,5.4,3.6,25428.8,100000,0,0,9,9,8.42857,7.66667
12-26-2023,974542,3.7619,8.4,5.6,25440,100000,0,0,14,14,8.85714,7.52381
12-27-2023,974549,3.7381,2.4,1.6,25443.2,100000,0,0,4,4,8,7.47619
12-28-2023,974540,3.71429,4.2,2.8,25448.8,100000,0,0,7,7,7.42857,7.42857
12-29-2023,974535,3.52381,4.2,2.8,25454.4,100000,0,0,7,7,6.85714,7.04762
12-30-2023,974528,3.52381,4.8,3.2,25460.8,100000,0,0,8,8,5.57143,7.04762
12-31-2023,974530,3.64286,1.8,1.2,25463.2,100000,0,0,3,3,6.28571,7.28571
01-01-2024,974524,3.47619,3,2,25467.2,100000,0,0,5,5,6,6.95238
01-02-2024,974520,3.61905,3,2,25471.2,100000,0,0,5,5,6.14286,7.2381
01-03-2024,974509,3.54762,5.4,3.6,25478.4,100000,0,0,9,9,5.71429,7.09524
01-04-2024,974509,3.5,3,2,25482.4,100000,0,0,5,5,6.14286,7
01-05-2024,974500,3.54762,4.8,3.2,25488.8,100000,0,0,8,8,6.28571,7.09524
01-06-2024,974499,3.52381,3,2,25492.8,100000,0,0,5,5,6.28571,7.04762
01-07-2024,974493,3.66667,3.6,2.4,25497.6,100000,0,0,6,6,6.71429,7.33333
01-08-2024,974488,3.66667,3.6,2.4,25502.4,100000,0,0,6,6,6.42857,7.33333
01-09-2024,974485,3.71429,3,2,25506.4,100000,0,0,5,5,6.71429,7.42857
01-10-2024,974468,3.7619,7.2,4.8,25516,100000,0,0,12,12,7.57143,7.52381
01-11-2024,974475,3.7619,1.8,1.2,25518.4,100000,0,0,3,3,7.42857,7.52381
01-12-2024,974460,3.80952,6,4,25526.4,100000,0,0,10,10,8.14286,7.61905
01-13-2024,974450,3.7619,6.6,4.4,25535.2,100000,0,0,11,11,9.28571,7.52381
01-14-2024,974452,3.71429,3,2,25539.2,100000,0,0,5,5,9,7.42857
01-15-2024,974437,3.66667,6.6,4.4,25548,100000,0,0,11,11,9.57143,7.33333
01-16-2024,974425,3.66667,7.8,5.2,25558.4,100000,0,0,13,13,9.42857,7.33333
01-17-2024,974420,3.69048,6,4,25566.4,100000,0,0,10,10,9.28571,7.38095
01-18-2024,974417,3.64286,4.2,2.8,25572,100000,0,0,7,7,9,7.28571
01-19-2024,974408,3.80952,5.4,3.6,25579.2,100000,0,0,9,9,8.42857,7.61905
01-20-2024,974399,4,6,4,25587.2,100000,0,0,10,10,7,8
01-21-2024,974403,3.95238,1.8,1.2,25589.6,100000,0,0,3,3,6.57143,7.90476
01-22-2024,974394,4.16667,4.2,2.8,25595.2,100000,0,0,7,7,6,8.33333
01-23-2024,974395,4.2381,1.8,1.2,25597.6,100000,0,0,3,3,5.85714,8.47619
01-24-2024,974386,4.16667,4.2,2.8,25603.2,100000,0,0,7,7,5.28571,8.33333
01-25-2024,974387,4.21429,1.8,1.2,25605.6,100000,0,0,3,3,5.42857,8.42857
01-26-2024,974376,4.21429,4.8,3.2,25612,100000,0,0,8,8,6.28571,8.42857
01-27-2024,974373,4.02381,3.6,2.4,25616.8,100000,0,0,6,6,7.71429,8.04762
01-28-2024,974372,3.95238,2.4,1.6,25620,100000,0,0,4,4,8.14286,7.90476
01-29-2024,974353,3.95238,7.8,5.2,25630.4,100000,0,0,13,13,9.42857,7.90476
01-30-2024,974342,3.95238,7.8,5.2,25640.8,100000,0,0,13,13,10.1429,7.90476
01-31-2024,974337,3.88095,6,4,25648.8,100000,0,0,10,10,10.4286,7.7619
02-01-2024,974326,4.02381,7.2,4.8,25658.4,100000,0,0,12,12,10.8571,8.04762
02-02-2024,974314,4.04762,7.8,5.2,25668.8,100000,0,0,13,13,10.5714,8.09524
02-03-2024,974313,4.16667,4.8,3.2,25675.2,100000,0,0,8,8,9.42857,8.33333
02-04-2024,974308,4.11905,4.2,2.8,25680.8,100000,0,0,7,7,9,8.2381
02-05-2024,974295,4.21429,6.6,4.4,25689.6,100000,0,0,11,11,8.28571,8.42857
02-06-2024,974297,4.14286,3,2,25693.6,100000,0,0,5,5,7.71429,8.28571
02-07-2024,974290,4.21429,4.2,2.8,25699.2,100000,0,0,7,7,7.57143,8.42857
02-08-2024,974284,4.33333,4.2,2.8,25704.8,100000,0,0,7,7,7.85714,8.66667
02-09-2024,974275,4.28571,5.4,3.6,25712,100000,0,0,9,9,7.42857,8.57143
02-10-2024,974271,4.07143,4.2,2.8,25717.6,100000,0,0,7,7,7.85714,8.14286
02-11-2024,974262,3.95238,5.4,3.6,25724.8,100000,0,0,9,9,7.57143,7.90476
02-12-2024,974257,3.88095,4.8,3.2,25731.2,100000,0,0,8,8,7.57143,7.7619
02-13-2024,974251,3.71429,4.8,3.2,25737.6,100000,0,0,8,8,7,7.42857
02-14-2024,974250,3.66667,3,2,25741.6,100000,0,0,5,5,7.28571,7.33333
02-15-2024,974242,3.66667,4.2,2.8,25747.2,100000,0,0,7,7,7.28571,7.33333
02-16-2024,974240,3.57143,3,2,25751.2,100000,0,0,5,5,7.71429,7.14286
02-17-2024,974229,3.61905,5.4,3.6,25758.4,100000,0,0,9,9,7.14286,7.2381
02-18-2024,974222,3.71429,5.4,3.6,25765.6,100000,0,0,9,9,7.14286,7.42857
02-19-2024,974211,3.7381,6.6,4.4,25774.4,100000,0,0,11,11,7.42857,7.47619
02-20-2024,974214,3.90476,2.4,1.6,25777.6,100000,0,0,4,4,7.57143,7.80952
02-21-2024,974210,3.85714,3,2,25781.6,100000,0,0,5,5,7.14286,7.71429
02-22-2024,974198,3.85714,5.4,3.6,25788.8,100000,0,0,9,9,6.85714,7.71429
02-23-2024,974197,3.88095,3.6,2.4,25793.6,100000,0,0,6,6,6.28571,7.7619
02-24-2024,974192,3.90476,3.6,2.4,25798.4,100000,0,0,6,6,6.71429,7.80952
02-25-2024,974185,4.07143,4.2,2.8,25804,100000,0,0,7,7,7.57143,8.14286
02-26-2024,974179,4.09524,4.2,2.8,25809.6,100000,0,0,7,7,7.42857,8.19048
02-27-2024,974174,4.07143,4.2,2.8,25815.2,100000,0,0,7,7,8.85714,8.14286
02-28-2024,974161,4.14286,6.6,4.4,25824,100000,0,0,11,11,8.71429,8.28571
02-29-2024,974157,4.28571,4.8,3.2,25830.4,100000,0,0,8,8,9,8.57143
03-01-2024,974137,4.2381,9.6,6.4,25843.2,100000,0,0,16,16,9.28571,8.47619
03-02-2024,974143,4.35714,3,2,25847.2,100000,0,0,5,5,9.57143,8.71429
03-03-2024,974132,4.45238,5.4,3.6,25854.4,100000,0,0,9,9,9.71429,8.90476
03-04-2024,974125,4.59524,5.4,3.6,25861.6,100000,0,0,9,9,9.71429,9.19048
03-05-2024,974118,4.66667,5.4,3.6,25868.8,100000,0,0,9,9,8,9.33333
03-06-2024,974105,4.64286,7.2,4.8,25878.4,100000,0,0,12,12,9,9.28571
03-07-2024,974103,4.66667,4.8,3.2,25884.8,100000,0,0,8,8,9.85714,9.33333
03-08-2024,974103,4.78571,2.4,1.6,25888,100000,0,0,4,4,9.85714,9.57143
03-09-2024,974086,4.66667,7.2,4.8,25897.6,100000,0,0,12,12,9.85714,9.33333
03-10-2024,974071,4.64286,9,6,25909.6,100000,0,0,15,15,9.42857,9.28571
03-11-2024,974070,4.59524,5.4,3.6,25916.8,100000,0,0,9,9,10.4286,9.19048
03-12-2024,974063,4.38095,5.4,3.6,25924,100000,0,0,9,9,11.1429,8.7619
03-13-2024,974055,4.30952,5.4,3.6,25931.2,100000,0,0,9,9,10.1429,8.61905
03-14-2024,974038,4.19048,9,6,25943.2,100000,0,0,15,15,9.14286,8.38095
03-15-2024,974036,4.21429,5.4,3.6,25950.4,100000,0,0,9,9,9.57143,8.42857
03-16-2024,974036,4.2381,3,2,25954.4,100000,0,0,5,5,8.57143,8.47619
03-17-2024,974027,4.16667,4.8,3.2,25960.8,100000,0,0,8,8,8.71429,8.33333
03-18-2024,974013,4.2381,7.2,4.8,25970.4,100000,0,0,12,12,7.42857,8.47619
03-19-2024,974022,4.30952,1.2,0.8,25972,100000,0,0,2,2,7.14286,8.61905
03-20-2024,974006,4.11905,6,4,25980,100000,0,0,10,10,6.71429,8.2381
03-21-2024,974005,3.85714,3.6,2.4,25984.8,100000,0,0,6,6,6.14286,7.71429
03-22-2024,973999,3.7619,4.2,2.8,25990.4,100000,0,0,7,7,5.85714,7.52381
03-23-2024,974002,3.83333,1.2,0.8,25992,100000,0,0,2,2,7,7.66667
03-24-2024,973997,3.7619,2.4,1.6,25995.2,100000,0,0,4,4,6.85714,7.52381
03-25-2024,973983,3.5,6,4,26003.2,100000,0,0,10,10,7.57143,7
03-26-2024,973975,3.47619,6,4,26011.2,100000,0,0,10,10,7.57143,6.95238
03-27-2024,973969,3.42857,5.4,3.6,26018.4,100000,0,0,9,9,7.85714,6.85714
03-28-2024,973958,3.38095,6.6,4.4,26027.2,100000,0,0,11,11,7.85714,6.7619
03-29-2024,973957,3.42857,4.2,2.8,26032.8,100000,0,0,7,7,7.14286,6.85714
03-30-2024,973956,3.57143,2.4,1.6,26036,100000,0,0,4,4,7.42857,7.14286
03-31-2024,973953,3.64286,2.4,1.6,26039.2,100000,0,0,4,4,7,7.28571
04-01-2024,973948,3.61905,3,2,26043.2,100000,0,0,5,5,6,7.2381
04-02-2024,973931,3.71429,7.2,4.8,26052.8,100000,0,0,12,12,6.14286,7.42857
04-03-2024,973933,3.85714,3.6,2.4,26057.6,100000,0,0,6,6,6,7.71429
04-04-2024,973931,4.11905,2.4,1.6,26060.8,100000,0,0,4,4,6.28571,8.2381
04-05-2024,973921,4.07143,4.8,3.2,26067.2,100000,0,0,8,8,7.57143,8.14286
04-06-2024,973923,4.07143,1.8,1.2,26069.6,100000,0,0,3,3,7,8.14286
04-07-2024,973916,4.09524,3.6,2.4,26074.4,100000,0,0,6,6,8,8.19048
04-08-2024,973896,4.04762,8.4,5.6,26085.6,100000,0,0,14,14,8.14286,8.09524
04-09-2024,973896,4.11905,4.8,3.2,26092,100000,0,0,8,8,8.57143,8.2381
04-10-2024,973880,4.28571,7.8,5.2,26102.4,100000,0,0,13,13,9.28571,8.57143
04-11-2024,973884,4.45238,3,2,26106.4,100000,0,0,5,5,10.5714,8.90476
04-12-2024,973869,4.69048,6.6,4.4,26115.2,100000,0,0,11,11,9.71429,9.38095
04-13-2024,973866,4.71429,4.8,3.2,26121.6,100000,0,0,8,8,10,9.42857
04-14-2024,973847,4.7619,9,6,26133.6,100000,0,0,15,15,9.57143,9.52381
04-15-2024,973847,4.92857,4.8,3.2,26140,100000,0,0,8,8,10.1429,9.85714
04-16-2024,973837,5.02381,6,4,26148,100000,0,0,10,10,10,10.0476
04-17-2024,973829,5.11905,6,4,26156,100000,0,0,10,10,10.4286,10.2381
04-18-2024,973823,5.11905,5.4,3.6,26163.2,100000,0,0,9,9,9.85714,10.2381
04-19-2024,973814,4.97619,6,4,26171.2,100000,0,0,10,10,10.8571,9.95238
04-20-2024,973804,4.92857,6.6,4.4,26180,100000,0,0,11,11,11.2857,9.85714
04-21-2024,973795,4.83333,6.6,4.4,26188.8,100000,0,0,11,11,11,9.66667
04-22-2024,973779,4.78571,9,6,26200.8,100000,0,0,15,15,11.2857,9.57143
04-23-2024,973771,4.66667,7.8,5.2,26211.2,100000,0,0,13,13,11.5714,9.33333
04-24-2024,973770,4.71429,4.8,3.2,26217.6,100000,0,0,8,8,11,9.42857
04-25-2024,973758,4.54762,6.6,4.4,26226.4,100000,0,0,11,11,10.2857,9.09524
04-26-2024,973747,4.54762,7.2,4.8,26236,100000,0,0,12,12,9.28571,9.09524
04-27-2024,973747,4.59524,4.2,2.8,26241.6,100000,0,0,7,7,8.28571,9.19048
04-28-2024,973743,4.52381,3.6,2.4,26246.4,100000,0,0,6,6,8.42857,9.04762
04-29-2024,973735,4.42857,4.8,3.2,26252.8,100000,0,0,8,8,7.28571,8.85714
04-30-2024,973732,4.30952,3.6,2.4,26257.6,100000,0,0,6,6,6.42857,8.61905
05-01-2024,973722,4.16667,5.4,3.6,26264.8,100000,0,0,9,9,6.85714,8.33333
05-02-2024,973726,4.02381,1.8,1.2,26267.2,100000,0,0,3,3,7.14286,8.04762
05-03-2024,973718,3.90476,3.6,2.4,26272,100000,0,0,6,6,7.14286,7.80952
05-04-2024,973706,3.7381,6,4,26280,100000,0,0,10,10,8,7.47619
05-05-2024,973702,3.66667,4.8,3.2,26286.4,100000,0,0,8,8,7.71429,7.33333
05-06-2024,973696,3.59524,4.8,3.2,26292.8,100000,0,0,8,8,8,7.19048
05-07-2024,973682,3.45238,7.2,4.8,26302.4,100000,0,0,12,12,7.85714,6.90476
05-08-2024,973682,3.47619,4.2,2.8,26308,100000,0,0,7,7,7.14286,6.95238
05-09-2024,973680,3.45238,3,2,26312,100000,0,0,5,5,6.71429,6.90476
05-10-2024,973675,3.52381,3,2,26316,100000,0,0,5,5,7,7.04762
05-11-2024,973671,3.54762,3,2,26320,100000,0,0,5,5,6.14286,7.09524
05-12-2024,973667,3.52381,3,2,26324,100000,0,0,5,5,5.85714,7.04762
05-13-2024,973654,3.54762,6,4,26332,100000,0,0,10,10,6.28571,7.09524
05-14-2024,973654,3.61905,3.6,2.4,26336.8,100000,0,0,6,6,6.42857,7.2381
05-15-2024,973651,3.61905,3,2,26340.8,100000,0,0,5,5,6.85714,7.2381
05-16-2024,973641,3.54762,4.8,3.2,26347.2,100000,0,0,8,8,6.85714,7.09524
05-17-2024,973638,3.52381,3.6,2.4,26352,100000,0,0,6,6,7,7.04762
05-18-2024,973630,3.5,4.8,3.2,26358.4,100000,0,0,8,8,7.14286,7
05-19-2024,973629,3.52381,3,2,26362.4,100000,0,0,5,5,7.57143,7.04762
05-20-2024,973614,3.64286,6.6,4.4,26371.2,100000,0,0,11,11,7,7.28571
05-21-2024,973613,3.69048,4.2,2.8,26376.8,100000,0,0,7,7,7.42857,7.38095
05-22-2024,973605,3.7381,4.8,3.2,26383.2,100000,0,0,8,8,7.71429,7.47619
05-23-2024,973606,3.7619,2.4,1.6,26386.4,100000,0,0,4,4,7.71429,7.52381
05-24-2024,973594,3.80952,5.4,3.6,26393.6,100000,0,0,9,9,7.14286,7.61905
05-25-2024,973585,3.80952,6,4,26401.6,100000,0,0,10,10,7.71429,7.61905
05-26-2024,973585,3.97619,3,2,26405.6,100000,0,0,5,5,7.71429,7.95238
05-27-2024,973578,3.97619,4.2,2.8,26411.2,100000,0,0,7,7,8.57143,7.95238
05-28-2024,973565,4,6.6,4.4,26420,100000,0,0,11,11,8.28571,8
05-29-2024,973562,3.97619,4.8,3.2,26426.4,100000,0,0,8,8,7.85714,7.95238
05-30-2024,973552,4.09524,6,4,26434.4,100000,0,0,10,10,8,8.19048
05-31-2024,973549,4.09524,4.2,2.8,26440,100000,0,0,7,7,8.71429,8.19048
06-01-2024,973543,4.28571,4.2,2.8,26445.6,100000,0,0,7,7,8,8.57143
06-02-2024,973539,4.21429,3.6,2.4,26450.4,100000,0,0,6,6,8.57143,8.42857
06-03-2024,973524,4.2619,7.2,4.8,26460,100000,0,0,12,12,8.28571,8.52381
06-04-2024,973525,4.28571,3.6,2.4,26464.8,100000,0,0,6,6,8.28571,8.57143
06-05-2024,973509,4.33333,7.2,4.8,26474.4,100000,0,0,12,12,8.28571,8.66667
06-06-2024,973507,4.38095,4.8,3.2,26480.8,100000,0,0,8,8,8.85714,8.7619
06-07-2024,973502,4.40476,4.2,2.8,26486.4,100000,0,0,7,7,8.71429,8.80952
06-08-2024,973497,4.28571,4.2,2.8,26492,100000,0,0,7,7,10,8.57143
06-09-2024,973486,4.19048,6,4,26500,100000,0,0,10,10,9,8.38095
06-10-2024,973476,4.16667,6.6,4.4,26508.8,100000,0,0,11,11,8.71429,8.33333
06-11-2024,973460,4.2381,9,6,26520.8,100000,0,0,15,15,9.14286,8.47619
06-12-2024,973466,4.16667,3,2,26524.8,100000,0,0,5,5,9.85714,8.33333
06-13-2024,973460,4.16667,3.6,2.4,26529.6,100000,0,0,6,6,9.42857,8.33333
06-14-2024,973448,4.07143,6,4,26537.6,100000,0,0,10,10,9,8.14286
06-15-2024,973437,4.07143,7.2,4.8,26547.2,100000,0,0,12,12,7.71429,8.14286
06-16-2024,973436,4,4.2,2.8,26552.8,100000,0,0,7,7,7.57143,8
06-17-2024,973429,4.02381,4.8,3.2,26559.2,100000,0,0,8,8,8,8.04762
06-18-2024,973426,3.97619,3.6,2.4,26564,100000,0,0,6,6,8,7.95238
06-19-2024,973425,3.90476,2.4,1.6,26567.2,100000,0,0,4,4,6.85714,7.80952
06-20-2024,973413,3.83333,5.4,3.6,26574.4,100000,0,0,9,9,6.71429,7.66667
06-21-2024,973404,3.80952,6,4,26582.4,100000,0,0,10,10,6.71429,7.61905
06-22-2024,973407,3.59524,2.4,1.6,26585.6,100000,0,0,4,4,6.71429,7.19048
06-23-2024,973400,3.66667,3.6,2.4,26590.4,100000,0,0,6,6,7.42857,7.33333
06-24-2024,973392,3.66667,4.8,3.2,26596.8,100000,0,0,8,8,7.42857,7.33333
06-25-2024,973389,3.61905,3.6,2.4,26601.6,100000,0,0,6,6,6.71429,7.2381
06-26-2024,973379,3.45238,5.4,3.6,26608.8,100000,0,0,9,9,6.71429,6.90476
06-27-2024,973371,3.52381,5.4,3.6,26616,100000,0,0,9,9,6.85714,7.04762
06-28-2024,973372,3.5,3,2,26620,100000,0,0,5,5,7.14286,7
06-29-2024,973369,3.57143,2.4,1.6,26623.2,100000,0,0,4,4,7.14286,7.14286
06-30-2024,973360,3.71429,4.2,2.8,26628.8,100000,0,0,7,7,7,7.42857
07-01-2024,973349,3.71429,6,4,26636.8,100000,0,0,10,10,6.57143,7.42857
07-02-2024,973349,3.69048,3.6,2.4,26641.6,100000,0,0,6,6,7,7.38095
07-03-2024,973340,3.71429,4.8,3.2,26648,100000,0,0,8,8,7.14286,7.42857
07-04-2024,973337,3.7619,3.6,2.4,26652.8,100000,0,0,6,6,7.57143,7.52381
07-05-2024,973329,4.04762,4.8,3.2,26659.2,100000,0,0,8,8,7.14286,8.09524
07-06-2024,973328,4.04762,3,2,26663.2,100000,0,0,5,5,7.57143,8.09524
07-07-2024,973315,4.07143,6,4,26671.2,100000,0,0,10,10,7.85714,8.14286
07-08-2024,973312,4.09524,4.2,2.8,26676.8,100000,0,0,7,7,8.28571,8.19048
07-09-2024,973303,4.07143,5.4,3.6,26684,100000,0,0,9,9,8.42857,8.14286
07-10-2024,973294,4.09524,6,4,26692,100000,0,0,10,10,8.42857,8.19048
07-11-2024,973288,4.07143,5.4,3.6,26699.2,100000,0,0,9,9,8.14286,8.14286
07-12-2024,973281,3.97619,5.4,3.6,26706.4,100000,0,0,9,9,10,7.95238
07-13-2024,973281,4,3,2,26710.4,100000,0,0,5,5,9.57143,8
07-14-2024,973271,3.90476,4.8,3.2,26716.8,100000,0,0,8,8,9.57143,7.80952
07-15-2024,973243,3.95238,12,8,26732.8,100000,0,0,20,20,9.71429,7.90476
07-16-2024,973252,4,3.6,2.4,26737.6,100000,0,0,6,6,9,8
07-17-2024,973240,3.95238,6,4,26745.6,100000,0,0,10,10,9,7.90476
07-18-2024,973232,3.90476,6,4,26753.6,100000,0,0,10,10,8.71429,7.80952
07-19-2024,973235,3.90476,2.4,1.6,26756.8,100000,0,0,4,4,6.71429,7.80952
07-20-2024,973230,3.90476,3,2,26760.8,100000,0,0,5,5,6.85714,7.80952
07-21-2024,973225,3.80952,3.6,2.4,26765.6,100000,0,0,6,6,6,7.61905
07-22-2024,973220,3.95238,3.6,2.4,26770.4,100000,0,0,6,6,5.71429,7.90476
07-23-2024,973213,3.90476,4.2,2.8,26776,100000,0,0,7,7,6.57143,7.80952
07-24-2024,973213,3.90476,2.4,1.6,26779.2,100000,0,0,4,4,6.28571,7.80952
07-25-2024,973203,3.85714,4.8,3.2,26785.6,100000,0,0,8,8,6.57143,7.71429
07-26-2024,973193,3.57143,6,4,26793.6,100000,0,0,10,10,6.71429,7.14286
07-27-2024,973197,3.57143,1.8,1.2,26796,100000,0,0,3,3,7,7.14286
07-28-2024,973186,3.57143,4.8,3.2,26802.4,100000,0,0,8,8,7.28571,7.14286
07-29-2024,973182,3.47619,4.2,2.8,26808,100000,0,0,7,7,8.28571,6.95238
07-30-2024,973172,3.54762,5.4,3.6,26815.2,100000,0,0,9,9,7.85714,7.09524
07-31-2024,973170,3.61905,3.6,2.4,26820,100000,0,0,6,6,8.14286,7.2381
08-01-2024,973149,3.69048,9,6,26832,100000,0,0,15,15,7.85714,7.38095
08-02-2024,973151,3.92857,4.2,2.8,26837.6,100000,0,0,7,7,8,7.85714
08-03-2024,973149,3.92857,3,2,26841.6,100000,0,0,5,5,7.57143,7.85714
08-04-2024,973144,4.04762,3.6,2.4,26846.4,100000,0,0,6,6,8.14286,8.09524
08-05-2024,973135,4.04762,4.8,3.2,26852.8,100000,0,0,8,8,6.85714,8.09524
08-06-2024,973132,4.07143,3.6,2.4,26857.6,100000,0,0,6,6,6.85714,8.14286
08-07-2024,973120,4.16667,6,4,26865.6,100000,0,0,10,10,7.28571,8.33333
08-08-2024,973119,4.19048,3.6,2.4,26870.4,100000,0,0,6,6,7.71429,8.38095
08-09-2024,973113,4.28571,4.2,2.8,26876,100000,0,0,7,7,8.85714,8.57143
08-10-2024,973105,4.28571,4.8,3.2,26882.4,100000,0,0,8,8,9,8.57143
08-11-2024,973097,4.30952,5.4,3.6,26889.6,100000,0,0,9,9,8.85714,8.61905
08-12-2024,973077,4.19048,9.6,6.4,26902.4,100000,0,0,16,16,9.14286,8.38095
08-13-2024,973081,4.11905,4.2,2.8,26908,100000,0,0,7,7,9.71429,8.2381
08-14-2024,973071,4.35714,5.4,3.6,26915.2,100000,0,0,9,9,9.57143,8.71429
08-15-2024,973066,4.38095,4.8,3.2,26921.6,100000,0,0,8,8,9.57143,8.7619
08-16-2024,973054,4.42857,6.6,4.4,26930.4,100000,0,0,11,11,8.85714,8.85714
08-17-2024,973052,4.57143,4.2,2.8,26936,100000,0,0,7,7,9.14286,9.14286
08-18-2024,973043,4.47619,5.4,3.6,26943.2,100000,0,0,9,9,8.85714,8.95238
08-19-2024,973032,4.54762,6.6,4.4,26952,100000,0,0,11,11,9.14286,9.09524
08-20-2024,973027,4.64286,5.4,3.6,26959.2,100000,0,0,9,9,8.14286,9.28571
08-21-2024,973024,4.57143,4.2,2.8,26964.8,100000,0,0,7,7,9.28571,9.14286
08-22-2024,973013,4.57143,6,4,26972.8,100000,0,0,10,10,9,9.14286
08-23-2024,973016,4.42857,2.4,1.6,26976,100000,0,0,4,4,8.85714,8.85714
08-24-2024,972992,4.57143,9,6,26988,100000,0,0,15,15,9.28571,9.14286
08-25-2024,972995,4.61905,4.2,2.8,26993.6,100000,0,0,7,7,9.14286,9.2381
08-26-2024,972984,4.71429,6,4,27001.6,100000,0,0,10,10,9,9.42857
08-27-2024,972972,4.7381,7.2,4.8,27011.2,100000,0,0,12,12,10,9.47619
08-28-2024,972973,4.83333,3.6,2.4,27016,100000,0,0,6,6,8.57143,9.66667
08-29-2024,972963,4.80952,5.4,3.6,27023.2,100000,0,0,9,9,8.85714,9.61905
08-30-2024,972952,4.88095,6.6,4.4,27032,100000,0,0,11,11,8.85714,9.7619
08-31-2024,972954,4.85714,3,2,27036,100000,0,0,5,5,9,9.71429
09-01-2024,972943,4.90476,5.4,3.6,27043.2,100000,0,0,9,9,9.71429,9.80952
09-02-2024,972934,4.80952,6,4,27051.2,100000,0,0,10,10,10.1429,9.61905
09-03-2024,972921,4.85714,7.8,5.2,27061.6,100000,0,0,13,13,10.2857,9.71429
09-04-2024,972914,4.71429,6.6,4.4,27070.4,100000,0,0,11,11,11.1429,9.42857
09-05-2024,972903,4.54762,7.2,4.8,27080,100000,0,0,12,12,11,9.09524
09-06-2024,972894,4.40476,7.2,4.8,27089.6,100000,0,0,12,12,11.5714,8.80952
09-07-2024,972886,4.2381,6.6,4.4,27098.4,100000,0,0,11,11,10.8571,8.47619
09-08-2024,972883,4.35714,4.8,3.2,27104.8,100000,0,0,8,8,10.5714,8.71429
09-09-2024,972866,4.28571,8.4,5.6,27116,100000,0,0,14,14,9.71429,8.57143
09-10-2024,972865,4.28571,4.8,3.2,27122.4,100000,0,0,8,8,8.85714,8.57143
09-11-2024,972857,4.21429,5.4,3.6,27129.6,100000,0,0,9,9,8.57143,8.42857
09-12-2024,972855,4.21429,3.6,2.4,27134.4,100000,0,0,6,6,7.42857,8.42857
09-13-2024,972851,4.2619,3.6,2.4,27139.2,100000,0,0,6,6,6,8.52381
09-14-2024,972841,4.09524,5.4,3.6,27146.4,100000,0,0,9,9,5.57143,8.19048
09-15-2024,972850,4.07143,0,0,27146.4,100000,0,0,0,0,5.85714,8.14286
09-16-2024,972842,4.02381,2.4,1.6,27149.6,100000,0,0,4,4,5.85714,8.04762
09-17-2024,972837,4,3,2,27153.6,100000,0,0,5,5,6.57143,8
09-18-2024,972823,3.88095,6.6,4.4,27162.4,100000,0,0,11,11,5.57143,7.7619
09-19-2024,972823,3.78571,3.6,2.4,27167.2,100000,0,0,6,6,6.85714,7.57143
09-20-2024,972809,3.61905,6.6,4.4,27176,100000,0,0,11,11,8,7.2381
09-21-2024,972817,3.69048,1.2,0.8,27177.6,100000,0,0,2,2,8.14286,7.38095
09-22-2024,972803,3.64286,5.4,3.6,27184.8,100000,0,0,9,9,8,7.28571
09-23-2024,972790,3.57143,7.2,4.8,27194.4,100000,0,0,12,12,8.57143,7.14286
09-24-2024,972791,3.52381,3.6,2.4,27199.2,100000,0,0,6,6,8.57143,7.04762
09-25-2024,972779,3.40476,6,4,27207.2,100000,0,0,10,10,9.14286,6.80952
09-26-2024,972771,3.52381,6,4,27215.2,100000,0,0,10,10,8.42857,7.04762
09-27-2024,972761,3.57143,6.6,4.4,27224,100000,0,0,11,11,7.71429,7.14286
09-28-2024,972761,3.7381,3.6,2.4,27228.8,100000,0,0,6,6,8.42857,7.47619
09-29-2024,972760,3.52381,2.4,1.6,27232,100000,0,0,4,4,8,7.04762
09-30-2024,972752,3.5,4.2,2.8,27237.6,100000,0,0,7,7,7,7
10-01-2024,972739,3.33333,6.6,4.4,27246.4,100000,0,0,11,11,6,6.66667
10-02-2024,972738,3.35714,4.2,2.8,27252,100000,0,0,7,7,5.71429,6.71429
10-03-2024,972739,3.19048,1.8,1.2,27254.4,100000,0,0,3,3,5.85714,6.38095
10-04-2024,972735,3,2.4,1.6,27257.6,100000,0,0,4,4,5.71429,6
10-05-2024,972732,2.97619,2.4,1.6,27260.8,100000,0,0,4,4,5.85714,5.95238
10-06-2024,972727,2.85714,3,2,27264.8,100000,0,0,5,5,5.14286,5.71429
10-07-2024,972722,2.64286,3.6,2.4,27269.6,100000,0,0,6,6,5.42857,5.28571
10-08-2024,972706,2.5,7.2,4.8,27279.2,100000,0,0,12,12,5.42857,5
10-09-2024,972715,2.40476,1.2,0.8,27280.8,100000,0,0,2,2,5.28571,4.80952
10-10-2024,972708,2.45238,3,2,27284.8,100000,0,0,5,5,4.85714,4.90476
10-11-2024,972706,2.40476,2.4,1.6,27288,100000,0,0,4,4,4.57143,4.80952
10-12-2024,972704,2.2619,1.8,1.2,27290.4,100000,0,0,3,3,3.57143,4.52381
10-13-2024,972704,2.21429,1.2,0.8,27292,100000,0,0,2,2,4,4.42857
10-14-2024,972698,2.30952,2.4,1.6,27295.2,100000,0,0,4,4,3.42857,4.61905
10-15-2024,972693,2.38095,3,2,27299.2,100000,0,0,5,5,3.57143,4.7619
10-16-2024,972689,2.35714,3,2,27303.2,100000,0,0,5,5,3.42857,4.71429
10-17-2024,972693,2.2619,0.6,0.4,27304,100000,0,0,1,1,4,4.52381
10-18-2024,972685,2.16667,3,2,27308,100000,0,0,5,5,4.14286,4.33333
10-19-2024,972686,2,1.2,0.8,27309.6,100000,0,0,2,2,4.14286,4
10-20-2024,972677,2.11905,3.6,2.4,27314.4,100000,0,0,6,6,4.14286,4.2381
10-21-2024,972674,2.14286,3,2,27318.4,100000,0,0,5,5,5,4.28571
10-22-2024,972670,2.21429,3,2,27322.4,100000,0,0,5,5,5.28571,4.42857
10-23-2024,972666,2.2381,3,2,27326.4,100000,0,0,5,5,5.42857,4.47619
10-24-2024,972659,2.2619,4.2,2.8,27332,100000,0,0,7,7,4.71429,4.52381
10-25-2024,972653,2.35714,4.2,2.8,27337.6,100000,0,0,7,7,4.28571,4.71429
10-26-2024,972655,2.35714,1.8,1.2,27340,100000,0,0,3,3,4.28571,4.71429
10-27-2024,972656,2.42857,0.6,0.4,27340.8,100000,0,0,1,1,4.57143,4.85714
10-28-2024,972653,2.5,1.2,0.8,27342.4,100000,0,0,2,2,4.42857,5
10-29-2024,972646,2.47619,3,2,27346.4,100000,0,0,5,5,4.42857,4.95238
10-30-2024,972638,2.54762,4.2,2.8,27352,100000,0,0,7,7,4.57143,5.09524
10-31-2024,972635,2.52381,3.6,2.4,27356.8,100000,0,0,6,6,4.85714,5.04762
11-01-2024,972628,2.59524,4.2,2.8,27362.4,100000,0,0,7,7,5.71429,5.19048
11-02-2024,972628,2.57143,2.4,1.6,27365.6,100000,0,0,4,4,5.71429,5.14286
11-03-2024,972627,2.47619,1.8,1.2,27368,100000,0,0,3,3,5.85714,4.95238
11-04-2024,972615,2.35714,4.8,3.2,27374.4,100000,0,0,8,8,5.57143,4.71429
11-05-2024,972614,2.38095,3,2,27378.4,100000,0,0,5,5,5.14286,4.7619
11-06-2024,972605,2.47619,4.8,3.2,27384.8,100000,0,0,8,8,5.28571,4.95238
11-07-2024,972605,2.54762,2.4,1.6,27388,100000,0,0,4,4,5.57143,5.09524
11-08-2024,972602,2.61905,2.4,1.6,27391.2,100000,0,0,4,4,5.57143,5.2381
11-09-2024,972597,2.59524,3,2,27395.2,100000,0,0,5,5,5.42857,5.19048
11-10-2024,972593,2.5,3,2,27399.2,100000,0,0,5,5,4.42857,5
11-11-2024,972584,2.5,4.8,3.2,27405.6,100000,0,0,8,8,4.14286,5
11-12-2024,972585,2.45238,2.4,1.6,27408.8,100000,0,0,4,4,4.71429,4.90476
11-13-2024,972587,2.52381,0.6,0.4,27409.6,100000,0,0,1,1,5,5.04762
11-14-2024,972584,2.47619,1.2,0.8,27411.2,100000,0,0,2,2,4.85714,4.95238
11-15-2024,972572,2.35714,4.8,3.2,27417.6,100000,0,0,8,8,4.42857,4.71429
11-16-2024,972567,2.30952,4.2,2.8,27423.2,100000,0,0,7,7,4.42857,4.61905
11-17-2024,972567,2.21429,2.4,1.6,27426.4,100000,0,0,4,4,4.71429,4.42857
11-18-2024,972562,2.2381,3,2,27430.4,100000,0,0,5,5,5.28571,4.47619
11-19-2024,972560,2.16667,2.4,1.6,27433.6,100000,0,0,4,4,4.85714,4.33333
11-20-2024,972559,2.14286,1.8,1.2,27436,100000,0,0,3,3,4.85714,4.28571
11-21-2024,972551,2.14286,3.6,2.4,27440.8,100000,0,0,6,6,4.42857,4.28571
11-22-2024,972548,2,3,2,27444.8,100000,0,0,5,5,4.14286,4
11-23-2024,972541,1.97619,4.2,2.8,27450.4,100000,0,0,7,7,4,3.95238
11-24-2024,972546,2.04762,0.6,0.4,27451.2,100000,0,0,1,1,4.14286,4.09524
11-25-2024,972541,2.02381,1.8,1.2,27453.6,100000,0,0,3,3,4,4.04762
11-26-2024,972539,1.92857,1.8,1.2,27456,100000,0,0,3,3,3.42857,3.85714
11-27-2024,972535,1.80952,2.4,1.6,27459.2,100000,0,0,4,4,3,3.61905
11-28-2024,972530,1.71429,3,2,27463.2,100000,0,0,5,5,3.57143,3.42857
11-29-2024,972533,1.78571,0.6,0.4,27464,100000,0,0,1,1,3.42857,3.57143
11-30-2024,972527,1.7619,2.4,1.6,27467.2,100000,0,0,4,4,3.42857,3.52381
12-01-2024,972522,1.78571,3,2,27471.2,100000,0,0,5,5,3.42857,3.57143
12-02-2024,972524,1.69048,1.2,0.8,27472.8,100000,0,0,2,2,2.85714,3.38095
12-03-2024,972520,1.57143,1.8,1.2,27475.2,100000,0,0,3,3,3.28571,3.14286
12-04-2024,972516,1.52381,2.4,1.6,27478.4,100000,0,0,4,4,3,3.04762
12-05-2024,972518,1.54762,0.6,0.4,27479.2,100000,0,0,1,1,2.28571,3.09524
12-06-2024,972512,1.5,2.4,1.6,27482.4,100000,0,0,4,4,3.14286,3
12-07-2024,972513,1.47619,1.2,0.8,27484,100000,0,0,2,2,3.14286,2.95238
12-08-2024,972514,1.57143,0,0,27484,100000,0,0,0,0,3.14286,3.14286
12-09-2024,972500,1.59524,4.8,3.2,27490.4,100000,0,0,8,8,3.28571,3.19048
12-10-2024,972503,1.69048,1.8,1.2,27492.8,100000,0,0,3,3,2.71429,3.38095
12-11-2024,972498,1.61905,2.4,1.6,27496,100000,0,0,4,4,3.14286,3.2381
12-12-2024,972499,1.52381,1.2,0.8,27497.6,100000,0,0,2,2,3.42857,3.04762
12-13-2024,972501,1.61905,0,0,27497.6,100000,0,0,0,0,2.42857,3.2381
12-14-2024,972492,1.57143,3,2,27501.6,100000,0,0,5,5,2.28571,3.14286
12-15-2024,972493,1.54762,1.2,0.8,27503.2,100000,0,0,2,2,2.85714,3.09524
12-16-2024,972493,1.59524,0.6,0.4,27504,100000,0,0,1,1,3.42857,3.19048
12-17-2024,972491,1.5,1.2,0.8,27505.6,100000,0,0,2,2,4.14286,3
12-18-2024,972478,1.54762,4.8,3.2,27512,100000,0,0,8,8,3.57143,3.09524
12-19-2024,972476,1.57143,3.6,2.4,27516.8,100000,0,0,6,6,3.42857,3.14286
12-20-2024,972473,1.57143,3,2,27520.8,100000,0,0,5,5,4.14286,3.14286
12-21-2024,972476,1.59524,0.6,0.4,27521.6,100000,0,0,1,1,4,3.19048
12-22-2024,972475,1.52381,0.6,0.4,27522.4,100000,0,0,1,1,3.28571,3.04762
12-23-2024,972465,1.54762,3.6,2.4,27527.2,100000,0,0,6,6,2.85714,3.09524
12-24-2024,972469,1.66667,0.6,0.4,27528,100000,0,0,1,1,2.14286,3.33333
12-25-2024,972465,1.59524,1.8,1.2,27530.4,100000,0,0,3,3,2.57143,3.19048
12-26-2024,972463,1.57143,1.8,1.2,27532.8,100000,0,0,3,3,2.57143,3.14286
12-27-2024,972466,1.69048,0,0,27532.8,100000,0,0,0,0,2.85714,3.38095
12-28-2024,972458,1.66667,2.4,1.6,27536,100000,0,0,4,4,3.28571,3.33333
12-29-2024,972461,1.57143,0.6,0.4,27536.8,100000,0,0,1,1,3,3.14286
12-30-2024,972447,1.47619,4.8,3.2,27543.2,100000,0,0,8,8,3,2.95238
12-31-2024,972448,1.40476,2.4,1.6,27546.4,100000,0,0,4,4,3.71429,2.80952
01-01-2025,972450,1.45238,0.6,0.4,27547.2,100000,0,0,1,1,3.42857,2.90476
01-02-2025,972446,1.42857,1.8,1.2,27549.6,100000,0,0,3,3,3.42857,2.85714
01-03-2025,972440,1.38095,3,2,27553.6,100000,0,0,5,5,3.14286,2.7619
01-04-2025,972441,1.38095,1.2,0.8,27555.2,100000,0,0,2,2,2.71429,2.7619
01-05-2025,972442,1.35714,0.6,0.4,27556,100000,0,0,1,1,3.14286,2.71429
01-06-2025,972432,1.33333,3.6,2.4,27560.8,100000,0,0,6,6,3,2.66667
01-07-2025,972436,1.35714,0.6,0.4,27561.6,100000,0,0,1,1,2.57143,2.71429
01-08-2025,972430,1.2619,2.4,1.6,27564.8,100000,0,0,4,4,2.71429,2.52381
01-09-2025,972430,1.2381,1.2,0.8,27566.4,100000,0,0,2,2,2.57143,2.47619
01-10-2025,972429,1.07143,1.2,0.8,27568,100000,0,0,2,2,2.28571,2.14286
01-11-2025,972426,1.07143,1.8,1.2,27570.4,100000,0,0,3,3,2.28571,2.14286
01-12-2025,972429,1.09524,0,0,27570.4,100000,0,0,0,0,2,2.19048
01-13-2025,972421,1.02381,2.4,1.6,27573.6,100000,0,0,4,4,2,2.04762
01-14-2025,972424,0.97619,0.6,0.4,27574.4,100000,0,0,1,1,1.85714,1.95238
01-15-2025,972421,1.02381,1.2,0.8,27576,100000,0,0,2,2,1.42857,2.04762
01-16-2025,972419,1.07143,1.2,0.8,27577.6,100000,0,0,2,2,1.42857,2.14286
01-17-2025,972420,0.97619,0.6,0.4,27578.4,100000,0,0,1,1,1,1.95238
01-18-2025,972421,1.02381,0,0,27578.4,100000,0,0,0,0,1.42857,2.04762
01-19-2025,972421,0.97619,0,0,27578.4,100000,0,0,0,0,1.42857,1.95238
01-20-2025,972419,1,0.6,0.4,27579.2,100000,0,0,1,1,1.14286,2
01-21-2025,972413,1.07143,2.4,1.6,27582.4,100000,0,0,4,4,1.42857,2.14286
01-22-2025,972413,1.04762,1.2,0.8,27584,100000,0,0,2,2,2,2.09524
01-23-2025,972415,1.11905,0,0,27584,100000,0,0,0,0,2.42857,2.2381
01-24-2025,972410,1.04762,1.8,1.2,27586.4,100000,0,0,3,3,2.57143,2.09524
01-25-2025,972405,1.04762,2.4,1.6,27589.6,100000,0,0,4,4,2.42857,2.09524
01-26-2025,972404,1.14286,1.8,1.2,27592,100000,0,0,3,3,2.42857,2.28571
01-27-2025,972403,1.21429,1.2,0.8,27593.6,100000,0,0,2,2,2.85714,2.42857
01-28-2025,972400,1.2619,1.8,1.2,27596,100000,0,0,3,3,3.14286,2.52381
01-29-2025,972399,1.33333,1.2,0.8,27597.6,100000,0,0,2,2,2.85714,2.66667
01-30-2025,972396,1.38095,1.8,1.2,27600,100000,0,0,3,3,2.85714,2.7619
01-31-2025,972390,1.40476,3,2,27604,100000,0,0,5,5,2.71429,2.80952
02-01-2025,972391,1.40476,1.2,0.8,27605.6,100000,0,0,2,2,2.42857,2.80952
02-02-2025,972388,1.42857,1.8,1.2,27608,100000,0,0,3,3,3,2.85714
02-03-2025,972389,1.42857,0.6,0.4,27608.8,100000,0,0,1,1,3.28571,2.85714
02-04-2025,972388,1.45238,0.6,0.4,27609.6,100000,0,0,1,1,3,2.90476
02-05-2025,972378,1.38095,3.6,2.4,27614.4,100000,0,0,6,6,3.14286,2.7619
02-06-2025,972375,1.42857,3,2,27618.4,100000,0,0,5,5,3,2.85714
02-07-2025,972375,1.42857,1.8,1.2,27620.8,100000,0,0,3,3,3.14286,2.85714
02-08-2025,972372,1.40476,1.8,1.2,27623.2,100000,0,0,3,3,3.57143,2.80952
02-09-2025,972372,1.45238,1.2,0.8,27624.8,100000,0,0,2,2,3.14286,2.90476
02-10-2025,972370,1.52381,1.2,0.8,27626.4,100000,0,0,2,2,2.42857,3.04762
02-11-2025,972365,1.45238,2.4,1.6,27629.6,100000,0,0,4,4,2.57143,2.90476
02-12-2025,972364,1.40476,1.8,1.2,27632,100000,0,0,3,3,2.28571,2.80952
02-13-2025,972367,1.38095,0,0,27632,100000,0,0,0,0,2.71429,2.7619
02-14-2025,972359,1.40476,2.4,1.6,27635.2,100000,0,0,4,4,2.71429,2.80952
02-15-2025,972362,1.42857,0.6,0.4,27636,100000,0,0,1,1,2.42857,2.85714
02-16-2025,972354,1.33333,3,2,27640,100000,0,0,5,5,2.57143,2.66667
02-17-2025,972355,1.2619,1.2,0.8,27641.6,100000,0,0,2,2,3.42857,2.52381
02-18-2025,972353,1.33333,1.2,0.8,27643.2,100000,0,0,2,2,3.14286,2.66667
02-19-2025,972348,1.30952,2.4,1.6,27646.4,100000,0,0,4,4,3,2.61905
02-20-2025,972341,1.30952,3.6,2.4,27651.2,100000,0,0,6,6,2.57143,2.61905
02-21-2025,972344,1.33333,1.2,0.8,27652.8,100000,0,0,2,2,2.57143,2.66667
02-22-2025,972346,1.35714,0,0,27652.8,100000,0,0,0,0,2.57143,2.71429
02-23-2025,972342,1.30952,1.2,0.8,27654.4,100000,0,0,2,2,2.28571,2.61905
02-24-2025,972341,1.40476,1.2,0.8,27656,100000,0,0,2,2,1.71429,2.80952
02-25-2025,972339,1.38095,1.2,0.8,27657.6,100000,0,0,2,2,2.28571,2.7619
02-26-2025,972337,1.38095,1.2,0.8,27659.2,100000,0,0,2,2,2.57143,2.7619
02-27-2025,972336,1.33333,1.2,0.8,27660.8,100000,0,0,2,2,2.57143,2.66667
02-28-2025,972327,1.40476,3.6,2.4,27665.6,100000,0,0,6,6,2.71429,2.80952
03-01-2025,972329,1.42857,1.2,0.8,27667.2,100000,0,0,2,2,3.14286,2.85714
03-02-2025,972328,1.40476,1.2,0.8,27668.8,100000,0,0,2,2,3,2.80952
03-03-2025,972325,1.28571,1.8,1.2,27671.2,100000,0,0,3,3,3.28571,2.57143
03-04-2025,972319,1.28571,3,2,27675.2,100000,0,0,5,5,2.85714,2.57143
03-05-2025,972322,1.38095,0.6,0.4,27676,100000,0,0,1,1,2.71429,2.7619
03-06-2025,972315,1.35714,2.4,1.6,27679.2,100000,0,0,4,4,2.85714,2.71429
03-07-2025,972314,1.40476,1.8,1.2,27681.6,100000,0,0,3,3,3.14286,2.80952
03-08-2025,972315,1.40476,0.6,0.4,27682.4,100000,0,0,1,1,2.85714,2.80952
03-09-2025,972311,1.40476,1.8,1.2,27684.8,100000,0,0,3,3,3.14286,2.80952
03-10-2025,972305,1.42857,3,2,27688.8,100000,0,0,5,5,2.71429,2.85714
03-11-2025,972304,1.33333,1.8,1.2,27691.2,100000,0,0,3,3,2.57143,2.66667
03-12-2025,972302,1.35714,1.8,1.2,27693.6,100000,0,0,3,3,3,2.71429
03-13-2025,972303,1.30952,0.6,0.4,27694.4,100000,0,0,1,1,2.71429,2.61905
03-14-2025,972301,1.38095,1.2,0.8,27696,100000,0,0,2,2,2.57143,2.7619
03-15-2025,972295,1.30952,2.4,1.6,27699.2,100000,0,0,4,4,2.42857,2.61905
03-16-2025,972298,1.38095,0.6,0.4,27700,100000,0,0,1,1,2.28571,2.7619
03-17-2025,972291,1.30952,2.4,1.6,27703.2,100000,0,0,4,4,2.57143,2.61905
03-18-2025,972292,1.30952,1.2,0.8,27704.8,100000,0,0,2,2,2.57143,2.61905
03-19-2025,972290,1.30952,1.2,0.8,27706.4,100000,0,0,2,2,2.42857,2.61905
03-20-2025,972287,1.2381,1.8,1.2,27708.8,100000,0,0,3,3,2.28571,2.47619
03-21-2025,972286,1.19048,1.2,0.8,27710.4,100000,0,0,2,2,2.57143,2.38095
03-22-2025,972283,1.21429,1.8,1.2,27712.8,100000,0,0,3,3,2.57143,2.42857
03-23-2025,972286,1.21429,0,0,27712.8,100000,0,0,0,0,2.85714,2.42857
03-24-2025,972275,1.2381,3.6,2.4,27717.6,100000,0,0,6,6,2.57143,2.47619
03-25-2025,972278,1.2381,1.2,0.8,27719.2,100000,0,0,2,2,2.71429,2.47619
03-26-2025,972272,1.19048,2.4,1.6,27722.4,100000,0,0,4,4,2.42857,2.38095
03-27-2025,972275,1.2381,0.6,0.4,27723.2,100000,0,0,1,1,2.42857,2.47619
03-28-2025,972270,1.2381,1.8,1.2,27725.6,100000,0,0,3,3,2,2.47619
03-29-2025,972271,1.28571,0.6,0.4,27726.4,100000,0,0,1,1,2.28571,2.57143
03-30-2025,972272,1.33333,0,0,27726.4,100000,0,0,0,0,2.14286,2.66667
03-31-2025,972267,1.47619,1.8,1.2,27728.8,100000,0,0,3,3,2.28571,2.95238
04-01-2025,972263,1.45238,2.4,1.6,27732,100000,0,0,4,4,2.14286,2.90476
04-02-2025,972261,1.42857,1.8,1.2,27734.4,100000,0,0,3,3,2.28571,2.85714
04-03-2025,972260,1.57143,1.2,0.8,27736,100000,0,0,2,2,2.71429,3.14286
04-04-2025,972259,1.59524,1.2,0.8,27737.6,100000,0,0,2,2,2.85714,3.19048
04-05-2025,972257,1.66667,1.2,0.8,27739.2,100000,0,0,2,2,2.85714,3.33333
04-06-2025,972254,1.66667,1.8,1.2,27741.6,100000,0,0,3,3,3,3.33333
04-07-2025,972249,1.7381,2.4,1.6,27744.8,100000,0,0,4,4,4,3.47619
04-08-2025,972246,1.7381,2.4,1.6,27748,100000,0,0,4,4,3.85714,3.47619
04-09-2025,972243,1.83333,2.4,1.6,27751.2,100000,0,0,4,4,3.85714,3.66667
04-10-2025,972231,1.88095,5.4,3.6,27758.4,100000,0,0,9,9,4.28571,3.7619
04-11-2025,972238,1.95238,0.6,0.4,27759.2,100000,0,0,1,1,4.71429,3.90476
04-12-2025,972235,1.97619,1.2,0.8,27760.8,100000,0,0,2,2,4.85714,3.95238
04-13-2025,972226,1.97619,3.6,2.4,27765.6,100000,0,0,6,6,4.85714,3.95238
04-14-2025,972220,2,4.2,2.8,27771.2,100000,0,0,7,7,4.14286,4
04-15-2025,972218,2.02381,3,2,27775.2,100000,0,0,5,5,4.42857,4.04762
04-16-2025,972216,2.02381,2.4,1.6,27778.4,100000,0,0,4,4,4.85714,4.04762
04-17-2025,972212,2.04762,2.4,1.6,27781.6,100000,0,0,4,4,4.28571,4.09524
04-18-2025,972211,2.04762,1.8,1.2,27784,100000,0,0,3,3,4.14286,4.09524
04-19-2025,972205,2.02381,3,2,27788,100000,0,0,5,5,4.14286,4.04762
04-20-2025,972206,1.97619,1.2,0.8,27789.6,100000,0,0,2,2,4,3.95238
04-21-2025,972198,1.90476,3.6,2.4,27794.4,100000,0,0,6,6,3.85714,3.80952
04-22-2025,972195,2.02381,3,2,27798.4,100000,0,0,5,5,3.85714,4.04762
04-23-2025,972194,2.07143,1.8,1.2,27800.8,100000,0,0,3,3,3.42857,4.14286
04-24-2025,972192,2.02381,1.8,1.2,27803.2,100000,0,0,3,3,3.71429,4.04762
04-25-2025,972189,1.97619,1.8,1.2,27805.6,100000,0,0,3,3,3.42857,3.95238
04-26-2025,972189,2,1.2,0.8,27807.2,100000,0,0,2,2,3.14286,4
04-27-2025,972184,1.97619,2.4,1.6,27810.4,100000,0,0,4,4,3,3.95238
04-28-2025,972180,2,2.4,1.6,27813.6,100000,0,0,4,4,3.42857,4
04-29-2025,972179,2.02381,1.8,1.2,27816,100000,0,0,3,3,3.85714,4.04762
04-30-2025,972178,1.97619,1.2,0.8,27817.6,100000,0,0,2,2,4.14286,3.95238
05-01-2025,972170,1.97619,3.6,2.4,27822.4,100000,0,0,6,6,4.14286,3.95238
05-02-2025,972165,1.90476,3.6,2.4,27827.2,100000,0,0,6,6,4.28571,3.80952
05-03-2025,972164,1.85714,2.4,1.6,27830.4,100000,0,0,4,4,4.71429,3.71429
05-04-2025,972160,1.92857,2.4,1.6,27833.6,100000,0,0,4,4,4.85714,3.85714
05-05-2025,972155,1.92857,3,2,27837.6,100000,0,0,5,5,4.71429,3.85714
05-06-2025,972150,1.97619,3.6,2.4,27842.4,100000,0,0,6,6,4.42857,3.95238
05-07-2025,972150,1.95238,1.8,1.2,27844.8,100000,0,0,3,3,4.28571,3.90476
05-08-2025,972144,1.95238,3,2,27848.8,100000,0,0,5,5,4,3.90476
05-09-2025,972142,1.95238,2.4,1.6,27852,100000,0,0,4,4,3.71429,3.90476
05-10-2025,972141,1.92857,1.8,1.2,27854.4,100000,0,0,3,3,3.28571,3.85714
05-11-2025,972140,2.02381,1.2,0.8,27856,100000,0,0,2,2,3.71429,4.04762
05-12-2025,972137,1.90476,1.8,1.2,27858.4,100000,0,0,3,3,3.42857,3.80952
05-13-2025,972134,1.80952,1.8,1.2,27860.8,100000,0,0,3,3,3.57143,3.61905
05-14-2025,972127,1.7619,3.6,2.4,27865.6,100000,0,0,6,6,3.28571,3.52381
05-15-2025,972127,1.71429,1.8,1.2,27868,100000,0,0,3,3,3.57143,3.42857
05-16-2025,972121,1.64286,3,2,27872,100000,0,0,5,5,3.71429,3.28571
05-17-2025,972125,1.57143,0.6,0.4,27872.8,100000,0,0,1,1,3.57143,3.14286
05-18-2025,972118,1.69048,2.4,1.6,27876,100000,0,0,4,4,3.57143,3.38095
05-19-2025,972115,1.59524,2.4,1.6,27879.2,100000,0,0,4,4,3.28571,3.19048
05-20-2025,972116,1.64286,1.2,0.8,27880.8,100000,0,0,2,2,2.85714,3.28571
05-21-2025,972107,1.71429,3.6,2.4,27885.6,100000,0,0,6,6,3,3.42857
05-22-2025,972111,1.71429,0.6,0.4,27886.4,100000,0,0,1,1,2.71429,3.42857
05-23-2025,972108,1.78571,1.2,0.8,27888,100000,0,0,2,2,2.42857,3.57143
05-24-2025,972106,1.90476,1.2,0.8,27889.6,100000,0,0,2,2,2.57143,3.80952
05-25-2025,972105,1.88095,1.2,0.8,27891.2,100000,0,0,2,2,2.85714,3.7619
05-26-2025,972103,1.85714,1.2,0.8,27892.8,100000,0,0,2,2,2.85714,3.71429
05-27-2025,972100,1.80952,1.8,1.2,27895.2,100000,0,0,3,3,3.42857,3.61905
05-28-2025,972089,1.85714,4.8,3.2,27901.6,100000,0,0,8,8,4,3.71429
05-29-2025,972095,1.83333,0.6,0.4,27902.4,100000,0,0,1,1,4,3.66667
05-30-2025,972085,1.88095,3.6,2.4,27907.2,100000,0,0,6,6,4.57143,3.7619
05-31-2025,972080,1.88095,3.6,2.4,27912,100000,0,0,6,6,5.28571,3.7619
06-01-2025,972083,1.78571,1.2,0.8,27913.6,100000,0,0,2,2,4.85714,3.57143
06-02-2025,972074,1.78571,3.6,2.4,27918.4,100000,0,0,6,6,5,3.57143
06-03-2025,972065,1.80952,4.8,3.2,27924.8,100000,0,0,8,8,4.57143,3.61905
06-04-2025,972064,1.83333,3,2,27928.8,100000,0,0,5,5,4.14286,3.66667
06-05-2025,972066,1.80952,1.2,0.8,27930.4,100000,0,0,2,2,4.28571,3.61905
06-06-2025,972062,1.95238,1.8,1.2,27932.8,100000,0,0,3,3,4.28571,3.90476
06-07-2025,972060,1.92857,1.8,1.2,27935.2,100000,0,0,3,3,3.42857,3.85714
06-08-2025,972057,2.07143,1.8,1.2,27937.6,100000,0,0,3,3,3,4.14286
06-09-2025,972049,2.19048,3.6,2.4,27942.4,100000,0,0,6,6,2.85714,4.38095
06-10-2025,972052,2.2381,1.2,0.8,27944,100000,0,0,2,2,2.85714,4.47619
06-11-2025,972050,2.16667,1.2,0.8,27945.6,100000,0,0,2,2,2.85714,4.33333
06-12-2025,972050,2.11905,0.6,0.4,27946.4,100000,0,0,1,1,2.57143,4.2381
06-13-2025,972046,2,1.8,1.2,27948.8,100000,0,0,3,3,2.85714,4
06-14-2025,972044,1.85714,1.8,1.2,27951.2,100000,0,0,3,3,2.85714,3.71429
06-15-2025,972045,1.7381,0.6,0.4,27952,100000,0,0,1,1,4.57143,3.47619
06-16-2025,972032,1.7619,4.8,3.2,27958.4,100000,0,0,8,8,5.28571,3.52381
06-17-2025,972036,1.7619,1.2,0.8,27960,100000,0,0,2,2,6,3.52381
06-18-2025,972013,1.85714,8.4,5.6,27971.2,100000,0,0,14,14,6,3.71429
06-19-2025,972016,1.92857,3.6,2.4,27976,100000,0,0,6,6,5.85714,3.85714
06-20-2025,972008,1.90476,4.8,3.2,27982.4,100000,0,0,8,8,4.85714,3.80952
06-21-2025,972010,2,1.8,1.2,27984.8,100000,0,0,3,3,4.85714,4
06-22-2025,972013,2.16667,0,0,27984.8,100000,0,0,0,0,2.85714,4.33333
06-23-2025,972011,2.35714,0.6,0.4,27985.6,100000,0,0,1,1,2.42857,4.71429
06-24-2025,972008,2.40476,1.2,0.8,27987.2,100000,0,0,2,2,1.71429,4.80952
06-25-2025,972010,2.38095,0,0,27987.2,100000,0,0,0,0,2.28571,4.7619
06-26-2025,972005,2.52381,1.8,1.2,27989.6,100000,0,0,3,3,3.14286,5.04762
06-27-2025,972002,2.66667,1.8,1.2,27992,100000,0,0,3,3,3.71429,5.33333
06-28-2025,971993,2.83333,4.2,2.8,27997.6,100000,0,0,7,7,4.28571,5.66667
06-29-2025,971989,2.66667,3.6,2.4,28002.4,100000,0,0,6,6,5.57143,5.33333
06-30-2025,971986,2.71429,3,2,28006.4,100000,0,0,5,5,6.42857,5.42857
07-01-2025,971980,2.66667,3.6,2.4,28011.2,100000,0,0,6,6,6.71429,5.33333
07-02-2025,971970,2.78571,5.4,3.6,28018.4,100000,0,0,9,9,6,5.57143
07-03-2025,971963,2.88095,5.4,3.6,28025.6,100000,0,0,9,9,6.14286,5.7619
07-04-2025,971962,3.16667,3,2,28029.6,100000,0,0,5,5,7.42857,6.33333
07-05-2025,971964,3.2619,1.2,0.8,28031.2,100000,0,0,2,2,7.85714,6.52381
07-06-2025,971953,3.5,4.2,2.8,28036.8,100000,0,0,7,7,7.57143,7
07-07-2025,971934,3.66667,8.4,5.6,28048,100000,0,0,14,14,7.42857,7.33333
07-08-2025,971932,3.71429,5.4,3.6,28055.2,100000,0,0,9,9,7.57143,7.42857
07-09-2025,971928,3.71429,4.2,2.8,28060.8,100000,0,0,7,7,8.42857,7.42857
07-10-2025,971921,3.78571,4.8,3.2,28067.2,100000,0,0,8,8,8,7.57143
07-11-2025,971918,3.7619,3.6,2.4,28072,100000,0,0,6,6,7.85714,7.52381
07-12-2025,971910,3.80952,4.8,3.2,28078.4,100000,0,0,8,8,7.42857,7.61905
07-13-2025,971911,3.7619,2.4,1.6,28081.6,100000,0,0,4,4,7.85714,7.52381
07-14-2025,971891,3.7381,7.8,5.2,28092,100000,0,0,13,13,8.14286,7.47619
07-15-2025,971893,3.78571,3.6,2.4,28096.8,100000,0,0,6,6,8,7.57143
07-16-2025,971881,3.90476,6,4,28104.8,100000,0,0,10,10,7.85714,7.80952
07-17-2025,971873,3.88095,6,4,28112.8,100000,0,0,10,10,8.57143,7.7619
07-18-2025,971875,3.69048,3,2,28116.8,100000,0,0,5,5,7.28571,7.38095
07-19-2025,971867,3.66667,4.2,2.8,28122.4,100000,0,0,7,7,7.57143,7.33333
07-20-2025,971858,3.80952,5.4,3.6,28129.6,100000,0,0,9,9,7.14286,7.61905
07-21-2025,971859,3.78571,2.4,1.6,28132.8,100000,0,0,4,4,6.85714,7.57143
07-22-2025,971849,3.92857,4.8,3.2,28139.2,100000,0,0,8,8,7.14286,7.85714
07-23-2025,971844,3.80952,4.2,2.8,28144.8,100000,0,0,7,7,7.14286,7.61905
07-24-2025,971837,3.85714,4.8,3.2,28151.2,100000,0,0,8,8,6.71429,7.71429
07-25-2025,971832,3.83333,4.2,2.8,28156.8,100000,0,0,7,7,7,7.66667
07-26-2025,971827,3.88095,4.2,2.8,28162.4,100000,0,0,7,7,7,7.7619
07-27-2025,971823,3.83333,3.6,2.4,28167.2,100000,0,0,6,6,7.85714,7.66667
07-28-2025,971818,3.80952,3.6,2.4,28172,100000,0,0,6,6,7.71429,7.61905
07-29-2025,971810,3.92857,4.8,3.2,28178.4,100000,0,0,8,8,8.42857,7.85714
07-30-2025,971794,4.04762,7.8,5.2,28188.8,100000,0,0,13,13,7.85714,8.09524
07-31-2025,971795,4.02381,4.2,2.8,28194.4,100000,0,0,7,7,7.85714,8.04762
08-01-2025,971780,4.11905,7.2,4.8,28204,100000,0,0,12,12,8.71429,8.2381
08-02-2025,971786,4.21429,1.8,1.2,28206.4,100000,0,0,3,3,8.71429,8.42857
08-03-2025,971778,4.45238,3.6,2.4,28211.2,100000,0,0,6,6,8,8.90476
08-04-2025,971763,4.5,7.2,4.8,28220.8,100000,0,0,12,12,8.28571,9
08-05-2025,971760,4.66667,4.8,3.2,28227.2,100000,0,0,8,8,8,9.33333
08-06-2025,971754,4.78571,4.8,3.2,28233.6,100000,0,0,8,8,9.28571,9.57143
08-07-2025,971745,4.7619,5.4,3.6,28240.8,100000,0,0,9,9,9.57143,9.52381
08-08-2025,971736,5.02381,6,4,28248.8,100000,0,0,10,10,9,10.0476
08-09-2025,971724,5.21429,7.2,4.8,28258.4,100000,0,0,12,12,9.57143,10.4286
08-10-2025,971722,5.04762,4.8,3.2,28264.8,100000,0,0,8,8,10.8571,10.0952
08-11-2025,971716,5,4.8,3.2,28271.2,100000,0,0,8,8,11,10
08-12-2025,971702,4.88095,7.2,4.8,28280.8,100000,0,0,12,12,11.5714,9.7619
08-13-2025,971684,5,10.2,6.8,28294.4,100000,0,0,17,17,11.5714,10
08-14-2025,971682,5.14286,6,4,28302.4,100000,0,0,10,10,11.1429,10.2857
08-15-2025,971667,5.2381,8.4,5.6,28313.6,100000,0,0,14,14,12.4286,10.4762
08-16-2025,971660,5.19048,7.2,4.8,28323.2,100000,0,0,12,12,13,10.381
08-17-2025,971662,5.38095,3,2,28327.2,100000,0,0,5,5,11.4286,10.7619
08-18-2025,971637,5.47619,10.2,6.8,28340.8,100000,0,0,17,17,10.7143,10.9524
08-19-2025,971625,5.42857,9.6,6.4,28353.6,100000,0,0,16,16,9.71429,10.8571
08-20-2025,971630,5.33333,3.6,2.4,28358.4,100000,0,0,6,6,9.14286,10.6667
08-21-2025,971627,5.45238,3,2,28362.4,100000,0,0,5,5,10.1429,10.9048
08-22-2025,971620,5.5,4.2,2.8,28368,100000,0,0,7,7,10,11
08-23-2025,971612,5.52381,4.8,3.2,28374.4,100000,0,0,8,8,8.57143,11.0476
08-24-2025,971599,5.28571,7.2,4.8,28384,100000,0,0,12,12,10,10.5714
08-25-2025,971582,5.52381,9.6,6.4,28396.8,100000,0,0,16,16,11.1429,11.0476
08-26-2025,971587,5.45238,3.6,2.4,28401.6,100000,0,0,6,6,11.2857,10.9048
08-27-2025,971564,5.38095,9.6,6.4,28414.4,100000,0,0,16,16,11.2857,10.7619
08-28-2025,971557,5.42857,7.8,5.2,28424.8,100000,0,0,13,13,11.4286,10.8571
08-29-2025,971555,5.47619,4.8,3.2,28431.2,100000,0,0,8,8,10.5714,10.9524
08-30-2025,971549,5.5,4.8,3.2,28437.6,100000,0,0,8,8,11.5714,11
08-31-2025,971533,5.59524,7.8,5.2,28448,100000,0,0,13,13,10.2857,11.1905
09-01-2025,971528,5.78571,6,4,28456,100000,0,0,10,10,11.2857,11.5714
09-02-2025,971515,5.90476,7.8,5.2,28466.4,100000,0,0,13,13,11.7143,11.8095
09-03-2025,971515,6.02381,4.2,2.8,28472,100000,0,0,7,7,11.8571,12.0476
09-04-2025,971486,6.02381,12,8,28488,100000,0,0,20,20,11,12.0476
09-05-2025,971486,6.2381,6.6,4.4,28496.8,100000,0,0,11,11,12.2857,12.4762
09-06-2025,971481,6.33333,5.4,3.6,28504,100000,0,0,9,9,12.8571,12.6667
09-07-2025,971477,6.2619,4.2,2.8,28509.6,100000,0,0,7,7,13.2857,12.5238
09-08-2025,971450,6.40476,11.4,7.6,28524.8,100000,0,0,19,19,12.2857,12.8095
09-09-2025,971438,6.61905,10.2,6.8,28538.4,100000,0,0,17,17,12.4286,13.2381
09-10-2025,971437,6.88095,6,4,28546.4,100000,0,0,10,10,13,13.7619
09-11-2025,971423,6.83333,7.8,5.2,28556.8,100000,0,0,13,13,13.7143,13.6667
09-12-2025,971415,7.02381,7.2,4.8,28566.4,100000,0,0,12,12,14.5714,14.0476
09-13-2025,971403,7.02381,7.8,5.2,28576.8,100000,0,0,13,13,13.5714,14.0476
09-14-2025,971394,7.21429,7.2,4.8,28586.4,100000,0,0,12,12,14,14.4286
09-15-2025,971362,7.07143,15,10,28606.4,100000,0,0,25,25,14.8571,14.1429
09-16-2025,971368,7.35714,6,4,28614.4,100000,0,0,10,10,15.5714,14.7143
09-17-2025,971355,7.2619,7.8,5.2,28624.8,100000,0,0,13,13,16.4286,14.5238
09-18-2025,971334,7.19048,11.4,7.6,28640,100000,0,0,19,19,16.2857,14.381
09-19-2025,971322,7.07143,10.2,6.8,28653.6,100000,0,0,17,17,15.2857,14.1429
09-20-2025,971305,7.07143,11.4,7.6,28668.8,100000,0,0,19,19,15.7143,14.1429
09-21-2025,971304,7.21429,6.6,4.4,28677.6,100000,0,0,11,11,16,14.4286
09-22-2025,971282,7.59524,10.8,7.2,28692,100000,0,0,18,18,15.2857,15.1905
09-23-2025,971277,7.61905,7.8,5.2,28702.4,100000,0,0,13,13,16.1429,15.2381
09-24-2025,971263,7.61905,9,6,28714.4,100000,0,0,15,15,14.1429,15.2381
09-25-2025,971253,7.54762,8.4,5.6,28725.6,100000,0,0,14,14,13.1429,15.0952
09-26-2025,971226,7.2619,13.8,9.2,28744,100000,0,0,23,23,12.5714,14.5238
09-27-2025,971240,7.21429,3,2,28748,100000,0,0,5,5,13.1429,14.4286
09-28-2025,971238,7.21429,2.4,1.6,28751.2,100000,0,0,4,4,13.2857,14.4286
09-29-2025,971216,7.2381,8.4,5.6,28762.4,100000,0,0,14,14,15.4286,14.4762
09-30-2025,971200,7.04762,10.2,6.8,28776,100000,0,0,17,17,14,14.0952
10-01-2025,971188,6.88095,9.6,6.4,28788.8,100000,0,0,16,16,15.1429,13.7619
10-02-2025,971152,6.7381,17.4,11.6,28812,100000,0,0,29,29,15.8571,13.4762
10-03-2025,971158,6.78571,7.8,5.2,28822.4,100000,0,0,13,13,15.7143,13.5714
10-04-2025,971147,6.71429,7.8,5.2,28832.8,100000,0,0,13,13,14.4286,13.4286
10-05-2025,971144,6.59524,5.4,3.6,28840,100000,0,0,9,9,14,13.1905
10-06-2025,971130,6.54762,7.8,5.2,28850.4,100000,0,0,13,13,12.7143,13.0952
10-07-2025,971129,6.35714,4.8,3.2,28856.8,100000,0,0,8,8,12.1429,12.7143
10-08-2025,971113,6.38095,7.8,5.2,28867.2,100000,0,0,13,13,12,12.7619
10-09-2025,971090,6.47619,12,8,28883.2,100000,0,0,20,20,11.4286,12.9524
10-10-2025,971094,6.5,5.4,3.6,28890.4,100000,0,0,9,9,12.4286,13
10-11-2025,971082,6.40476,7.2,4.8,28900,100000,0,0,12,12,12.7143,12.8095
10-12-2025,971085,6.21429,3,2,28904,100000,0,0,5,5,12.2857,12.4286
10-13-2025,971054,5.78571,12,8,28920,100000,0,0,20,20,11.1429,11.5714
10-14-2025,971056,5.7619,6,4,28928,100000,0,0,10,10,12,11.5238
10-15-2025,971048,5.64286,6,4,28936,100000,0,0,10,10,11.1429,11.2857
10-16-2025,971037,5.54762,7.2,4.8,28945.6,100000,0,0,12,12,11.5714,11.0952
10-17-2025,971022,5.40476,9,6,28957.6,100000,0,0,15,15,10.8571,10.8095
10-18-2025,971026,5.42857,3.6,2.4,28962.4,100000,0,0,6,6,11.2857,10.8571
10-19-2025,971018,5.30952,4.8,3.2,28968.8,100000,0,0,8,8,11,10.619
10-20-2025,970999,4.97619,9,6,28980.8,100000,0,0,15,15,10.8571,9.95238
10-21-2025,970991,4.88095,7.8,5.2,28991.2,100000,0,0,13,13,10.4286,9.7619
10-22-2025,970990,4.78571,4.8,3.2,28997.6,100000,0,0,8,8,10.7143,9.57143
10-23-2025,970978,4.7381,6.6,4.4,29006.4,100000,0,0,11,11,10.2857,9.47619
10-24-2025,970968,4.33333,7.2,4.8,29016,100000,0,0,12,12,9.14286,8.66667
10-25-2025,970965,4.30952,4.8,3.2,29022.4,100000,0,0,8,8,8.57143,8.61905
10-26-2025,970965,4.09524,3,2,29026.4,100000,0,0,5,5,8.57143,8.19048
10-27-2025,970957,4.02381,4.2,2.8,29032,100000,0,0,7,7,7.85714,8.04762
10-28-2025,970948,3.85714,5.4,3.6,29039.2,100000,0,0,9,9,6.85714,7.71429
10-29-2025,970943,3.7619,4.8,3.2,29045.6,100000,0,0,8,8,6.85714,7.52381
10-30-2025,970940,3.61905,3.6,2.4,29050.4,100000,0,0,6,6,6.57143,7.2381
10-31-2025,970937,3.33333,3,2,29054.4,100000,0,0,5,5,6,6.66667
11-01-2025,970928,3.04762,4.8,3.2,29060.8,100000,0,0,8,8,6,6.09524
11-02-2025,970931,2.92857,1.8,1.2,29063.2,100000,0,0,3,3,5,5.85714
11-03-2025,970929,2.71429,1.8,1.2,29065.6,100000,0,0,3,3,5.42857,5.42857
11-04-2025,970916,2.61905,5.4,3.6,29072.8,100000,0,0,9,9,5.85714,5.2381
11-05-2025,970923,2.42857,0.6,0.4,29073.6,100000,0,0,1,1,5,4.85714
11-06-2025,970908,2.30952,5.4,3.6,29080.8,100000,0,0,9,9,4.85714,4.61905
11-07-2025,970903,2.14286,4.8,3.2,29087.2,100000,0,0,8,8,4.85714,4.28571
11-08-2025,970907,2.025,1.2,0.8,29088.8,100000,0,0,2,2,3.71429,4.05
11-09-2025,970906,1.92105,1.2,0.8,29090.4,100000,0,0,2,2,4,3.84211
11-10-2025,970902,1.86111,1.8,1.2,29092.8,100000,0,0,3,3,3,3.72222
11-11-2025,970904,1.82353,0.6,0.4,29093.6,100000,0,0,1,1,3,3.64706
11-12-2025,970899,1.6875,1.8,1.2,29096,100000,0,0,3,3,2.71429,3.375
11-13-2025,970899,1.7,1.2,0.8,29097.6,100000,0,0,2,2,2.42857,3.4
11-14-2025,970886,1.71429,4.8,3.2,29104,100000,0,0,8,8,2,3.42857
11-15-2025,970894,1.5,0,0,29104,100000,0,0,0,0,2.16667,3
11-16-2025,970894,1.58333,0,0,29104,100000,0,0,0,0,2,3.16667
11-17-2025,970895,1.31818,0,0,29104,100000,0,0,0,0,2,2.63636
